index,low_vol_prob,high_vol_prob,point_forecast,median_forecast,p05,p95,state
2025-08-20,0.9966693330289728,0.0033306669713071,565.8999999999997,565.9,565.9,565.9,0
2025-08-21,0.9932216106737044,0.006778389326575247,566.417354219139,566.3862032018029,556.5882369000951,576.4430477939779,0
2025-08-22,0.9898205473156323,0.010179452684647157,567.0021710944218,566.7491475749232,553.3691896084404,580.8445661276025,0
2025-08-25,0.9864655115054125,0.01353448849486678,567.2338236833949,567.644999379467,550.0718480271661,584.0705281532356,0
2025-08-26,0.9831558803392828,0.01684411966099634,567.542986614191,567.8071077174088,547.7090983820893,587.3187976967171,0
2025-08-27,0.9798910393434128,0.020108960656866084,567.9976191079579,568.6622740751263,546.3825647421039,589.9440790577127,0
2025-08-28,0.9766703823598197,0.023329617640458954,568.1423433038186,568.1738282194226,543.5433240650884,592.5693556555476,0
2025-08-29,0.9734933114338272,0.026506688566451247,569.0189148549671,568.5864520223549,541.4345698156231,596.1445562703869,0
2025-09-01,0.9703592367030479,0.029640763297230314,569.5180150173488,569.5819873308917,540.865829605688,599.7018739155111,0
2025-09-02,0.9672675762878682,0.03273242371240976,569.7678188281038,569.2798532083243,538.6500024529633,602.0293523448913,0
2025-09-03,0.9642177561834151,0.03578224381686257,570.3597637537523,569.8928151523901,535.8803733672801,604.2889873542505,0
2025-09-04,0.9612092101529852,0.03879078984729221,570.6613988116993,570.8183027383789,534.0748275151536,606.7732871106211,0
2025-09-05,0.9582413796229158,0.041758620377361416,571.158269896278,571.7802443603928,531.7675232924995,609.620910823175,0
2025-09-08,0.9553137135788786,0.044686286421398325,571.7913749402135,572.0617505994376,532.6039930077632,610.8936101930251,0
2025-09-09,0.9524256684635777,0.04757433153669906,571.8323500908401,571.7422831501088,530.0664959999126,612.0438386175726,0
2025-09-10,0.9495767080758307,0.05042329192444581,572.2901652803373,572.0883890199894,529.1252096025722,614.0156461412207,0
2025-09-11,0.9467663034710171,0.05323369652925923,573.0695836937103,572.8509270531288,528.1304595676994,616.5658652137495,0
2025-09-12,0.9439939328628725,0.05600606713740355,573.2240806352005,573.2462219445099,527.6369855120473,619.178513719791,0
2025-09-15,0.9412590815266133,0.05874091847366258,573.4550017863819,573.5082402936902,527.7235622801334,620.7177220253333,0
2025-09-16,0.938561241703371,0.061438758296904705,573.9086888462415,573.079138180092,525.8493731222359,622.2907414810165,0
2025-09-17,0.9358999125059209,0.06410008749435464,574.3280488037265,573.8392511364138,524.6935793559198,624.5953427886105,0
2025-09-18,0.933274599825686,0.06672540017458928,574.7860527752571,575.285094685649,522.0734175482148,626.7572318777512,0
2025-09-19,0.9306848162410001,0.06931518375927505,575.1472230074753,574.982192696737,522.467850097064,628.3312338239801,0
2025-09-22,0.9281300809266112,0.07186991907366375,575.46873876212,575.9471974007241,520.0648553970882,630.9910014872876,0
2025-09-23,0.9256099195644111,0.07439008043586368,575.815210439924,575.4463031473554,518.1811919860071,633.066048584041,0
2025-09-24,0.923123864255372,0.07687613574490265,576.1669666027848,576.5904835095309,519.8961642703119,634.6270806870525,0
2025-09-25,0.9206714534326752,0.07932854656759925,576.5425783581204,576.4208839446318,517.6211320641881,635.73904653583,0
2025-09-26,0.9182522317760159,0.08174776822425835,576.6004291232825,576.7997113700781,516.1653287558636,637.2397663951177,0
2025-09-29,0.9158657501270671,0.08413424987320695,576.7709553353247,576.6736948669976,514.286175260806,639.0677589809486,0
2025-09-30,0.9135115654060879,0.08648843459418598,577.2618772751827,576.6289251803573,511.54723173211096,642.0643802298072,0
2025-10-01,0.9111892405296601,0.08881075947061351,577.8745713416749,578.6748261978677,512.8197134256641,644.5118806443439,0
2025-10-02,0.9088983443295388,0.09110165567073465,578.114290465885,579.2821686170973,513.0239790835572,647.79742259331,0
2025-10-03,0.9066384514725999,0.09336154852767331,578.5893790967539,579.5111124506192,511.0694179379043,648.1527858618997,0
2025-10-06,0.9044091423818726,0.09559085761840046,579.2634807933736,580.6471788348167,509.7303431613456,649.6335053847463,0
2025-10-07,0.9022100031586391,0.09778999684163382,579.5772303240954,579.6502210676298,511.14429953216086,652.5786252971767,0
2025-10-08,0.9000406255055895,0.09995937449468327,580.0555402776255,580.5669401308223,509.954932951643,652.7750454307594,0
2025-10-09,0.8979006066510163,0.10209939334925623,580.3839238103252,581.4505474016172,508.71339906341785,650.7271861871917,0
2025-10-10,0.8957895492740351,0.10421045072623722,580.3056913319458,580.3126097316419,506.01258336552996,654.8179326863522,0
2025-10-13,0.8937070614308168,0.1062929385694554,580.8878855448132,580.8222965013856,506.55435390118606,659.3493904592914,0
2025-10-14,0.8916527564818182,0.10834724351845373,580.9677306582487,580.9088241851523,505.6857618437533,660.4904788890659,0
2025-10-15,0.8896262530199983,0.11037374698027343,581.5134600477178,582.838995455136,507.2556333369755,660.900855497545,0
2025-10-16,0.8876271748000047,0.1123728252002668,581.9204236303336,582.5094043151532,506.0948049654529,659.7892890569,0
2025-10-17,0.8856551506683195,0.11434484933195194,582.4791786557613,581.8179913040456,505.68732657879355,660.6700300655572,0
2025-10-20,0.8837098144943494,0.11629018550592185,582.1805739418834,581.3091830060482,502.0870901738229,661.1394251860379,0
2025-10-21,0.8817908051024498,0.1182091948978212,582.2714896896026,581.6524204683251,502.05721095237874,663.4753472937414,0
2025-10-22,0.8798977662048678,0.12010223379540293,582.6020629418755,582.2174160502283,500.1965591624201,664.8510434717715,0
2025-10-23,0.8780303463355931,0.12196965366467756,582.79289416563,582.3211136428654,497.94221485741906,666.1065609467383,0
2025-10-24,0.8761881987851033,0.12381180121516713,582.9469612370684,582.7525013968561,496.1230192217848,668.7999173324064,0
2025-10-27,0.8743709815359941,0.12562901846427613,583.0283771150038,582.7518803410419,493.72940127221653,668.3991844166377,0
2025-10-28,0.8725783571994788,0.12742164280079124,583.6258817888497,583.4926117889063,493.55810679117934,671.5783589908397,0
2025-10-29,0.8708099929527482,0.1291900070475217,583.9099690078199,583.1889746626824,492.6625805348735,675.3056261663268,0
2025-10-30,0.8690655604771776,0.13093443952309197,584.1226732882343,581.8268186059368,493.4454570283152,677.2403985246642,0
2025-10-31,0.8673447358973713,0.13265526410289816,584.1620896216122,583.0048532322779,494.41306067509424,679.7268774093917,0
2025-11-03,0.8656471997210298,0.1343528002792395,584.5874416334443,582.4706793380424,492.547368273858,681.4526263010624,0
2025-11-04,0.8639726367796331,0.13602736322063588,584.9883516465876,583.0022383125922,493.4158832419985,685.2486860325329,0
2025-11-05,0.8623207361699258,0.137679263830343,585.5601260113423,583.0674326208546,493.27364846241215,685.5602615860552,0
2025-11-06,0.8606911911961933,0.13930880880407528,585.8874635570245,584.5677514313331,494.0724991834095,686.3200378630968,0
2025-11-07,0.8590836993133208,0.14091630068694763,586.038841351581,583.2868467083131,492.0560474255492,686.8855047954795,0
2025-11-10,0.8574979620706216,0.1425020379296468,585.9543914833558,584.2500787908459,493.5237236529603,691.6033467414678,0
2025-11-11,0.8559336850564259,0.14406631494384234,586.3981377653009,583.907398102954,493.1836783138679,691.4535992205293,0
2025-11-12,0.8543905778434202,0.14560942215684786,586.6882069323667,584.5064829721757,493.30003603059953,694.7271672009867,0
2025-11-13,0.8528683539347256,0.1471316460655423,587.4540984588784,586.00892305406,491.6581901794104,696.1617075719174,0
2025-11-14,0.8513667307107059,0.14863326928956175,587.6985960231727,586.3677241086309,489.4810955852806,695.8142046506211,0
2025-11-17,0.8498854293764964,0.15011457062377115,587.5773129288399,586.254137769735,487.64192264008216,703.8358631147472,0
2025-11-18,0.8484241749102411,0.15157582509002612,587.8447054681593,584.6186827097156,484.835088773804,701.904070899099,0
2025-11-19,0.846982696012033,0.15301730398823404,588.1174612803682,584.7054019956154,484.01584201073763,702.7356196492449,0
2025-11-20,0.8455607250535426,0.15443927494672427,588.4108069558852,585.2157441053545,484.5414684939494,704.4880763663267,0
2025-11-21,0.84415799802833,0.15584200197193662,588.340228368926,585.131188205017,480.4692022161231,707.4540847919137,0
2025-11-24,0.842774254502829,0.1572257454974375,588.4826144843388,584.7314105666355,481.10716419600874,706.229158890888,0
2025-11-25,0.8414092375679937,0.15859076243227252,588.7970194865586,585.6480248661235,480.6029242379527,707.1446409837615,0
2025-11-26,0.8400626937916011,0.15993730620866484,589.1432017043272,585.2864048099285,480.17478707474595,705.680411910365,0
2025-11-27,0.8387343731711977,0.161265626829068,589.7408016803228,587.3058520502268,482.4509644549909,708.4145120200105,0
2025-11-28,0.8374240290876835,0.16257597091258202,589.5825954179669,587.4838947752854,481.88189083142987,709.1750251687785,0
2025-12-01,0.8361314182595243,0.16386858174074115,590.0655106748151,586.8118065685933,481.4406987771913,711.9813955840361,0
2025-12-02,0.8348563006975831,0.16514369930268213,590.7071543233832,585.4853642545178,479.27273330673,712.8655487611053,0
2025-12-03,0.8335984396605638,0.16640156033970122,590.372469062804,585.917672940217,477.69332167070826,712.5966852952619,0
2025-12-04,0.8323576016110568,0.16764239838920802,590.1509011887811,586.2661103550279,478.048891903606,714.5251120531105,0
2025-12-05,0.8311335561721799,0.16886644382808466,590.5936949254999,585.1254112902104,475.67779923953765,715.7018597693982,0
2025-12-08,0.8299260760848063,0.1700739239154581,591.1459574796902,586.4216008599643,473.4967202496835,716.5477971575181,0
2025-12-09,0.8287349371653707,0.17126506283489343,590.7949593671982,586.8753949587372,474.88142819640944,718.0863069676575,0
2025-12-10,0.8275599182642474,0.17244008173601658,591.070501721588,586.6018166848387,473.730542012787,718.2899115858353,0
2025-12-11,0.8264008012246904,0.17359919877557328,591.3091070870862,586.6346936258423,473.56037497108,721.0003942157645,0
2025-12-12,0.8252573708423309,0.1747426291579326,591.6006185475194,586.3190391423577,473.1653489250654,722.7288713326973,0
2025-12-15,0.824129414825221,0.17587058517504234,591.7250387317396,586.3853069832886,472.99688840638424,725.7662763115791,0
2025-12-16,0.8230167237544196,0.17698327624584356,592.1596404255718,587.3166629902494,473.69956075406986,726.8760897456439,0
2025-12-17,0.8219190910451111,0.17808090895515188,591.6885083417767,586.6321456227726,470.95425550947084,730.1575406511259,0
2025-12-18,0.8208363129082503,0.17916368709201244,591.89808019463,587.1177326093386,470.84171078705225,731.5575673186656,0
2025-12-19,0.8197681883127267,0.18023181168753585,591.5652418308438,586.1776879951146,467.65196895272686,736.0799385675715,0
2025-12-22,0.8187145189480403,0.1812854810522221,591.701938360748,586.1040915851572,465.42146462648964,734.5247218877021,0
2025-12-23,0.8176751091874828,0.18232489081277944,591.8687495266271,587.5612839267959,464.1836701866646,736.9071057559142,0
2025-12-24,0.8166497660518174,0.1833502339484447,592.4177359703623,587.0399313246182,463.8652034089575,737.6433761643182,0
2025-12-25,0.8156382991734494,0.18436170082681244,592.1102710543487,585.3925041982891,464.0036421333879,738.6929326397553,0
2025-12-26,0.8146405207610828,0.1853594792391789,592.6676104015281,585.9808027764232,466.16536124871817,736.0893181062861,0
2025-12-29,0.8136562455648537,0.1863437544354079,592.5854850485875,585.4974091293086,465.94479285600227,737.1681659534049,0
2025-12-30,0.8126852908419367,0.18731470915832474,592.6007592257617,585.89782084897,467.9439120870102,740.7215247653854,0
2025-12-31,0.8117274763226168,0.18827252367764452,593.0271762714393,586.1888662281946,465.1261757009589,742.3202026582303,0
2026-01-01,0.8107826241768195,0.18921737582344167,593.5103988971946,588.0547014057304,462.6032704575827,743.340219263091,0
2026-01-02,0.8098505589810949,0.190149441019166,594.131041437008,588.4267291249018,463.13282213781457,745.6265835858574,0
2026-01-05,0.8089311076860483,0.19106889231421254,594.2714241392056,586.6521500588225,464.1104298928496,747.8972523075188,0
2026-01-06,0.8080240995842105,0.19197590041605006,594.7880673509871,588.9987945073194,466.0833400355156,746.4340102782171,0
2026-01-07,0.8071293662783453,0.19287063372191512,594.917962026232,587.9371808423616,465.7560967527644,745.652084811716,0
2026-01-08,0.8062467416501832,0.1937532583500771,594.8555830985777,587.1546555522677,465.6232261332865,746.3396142445733,0
2026-01-09,0.8053760618295801,0.19462393817068,595.3048497312227,587.2684472387945,469.3888742693919,748.7354497339064,0
2026-01-12,0.8045171651640928,0.1954828348361671,595.9865093273497,588.7228131070324,467.5742083432601,749.359369397571,0
2026-01-13,0.803669892188966,0.19633010781129365,595.8242635139076,588.1796005205097,466.2837684419083,750.9550175241958,0
2026-01-14,0.802834085597526,0.19716591440273343,595.8037581830281,589.6515451297846,466.3798702027035,747.9634349920292,0
2026-01-15,0.8020095902119745,0.19799040978828478,596.3204253226206,587.4631085374447,466.2301447408981,749.0684437003108,0
2026-01-16,0.801196252954578,0.19880374704568118,596.322805502385,587.2102927101589,466.6337269907263,751.498082569356,0
2026-01-19,0.8003939228192469,0.1996060771810121,596.6378043872357,588.3889205652908,464.27084857909057,752.0840612172576,0
2026-01-20,0.7996024508434999,0.20039754915675898,596.7602386806707,587.5952835539346,466.97068012441406,751.7480855341468,0
2026-01-21,0.7988216900808065,0.20117830991945215,597.3523968298829,587.3696397113586,463.2442516928876,753.5134846092216,0
2026-01-22,0.7980514955733052,0.2019485044269532,597.6928105777819,586.9483112503444,467.3756112763527,751.5910546038332,0
2026-01-23,0.7972917243248901,0.2027082756753681,598.0000044516107,589.451076976008,463.4387984229781,757.1595204719607,0
2026-01-26,0.7965422352746618,0.2034577647255963,598.7184034276752,588.6037173400985,463.2340660704504,760.158826944762,0
2026-01-27,0.7958028892707376,0.20419711072952038,599.7060963446665,588.1895169435618,463.50367949022484,762.9978351496433,0
2026-01-28,0.7950735490444165,0.20492645095584133,599.9678091098232,590.2395810100954,463.82619537293107,759.850959227141,0
2026-01-29,0.7943540791846936,0.20564592081556415,599.4439092409899,589.9962515739576,462.5331197566486,765.5502249216258,0
2026-01-30,0.7936443461131188,0.20635565388713864,599.7180807444374,588.4761667249923,461.3987587098021,763.0911211301183,0
2026-02-02,0.7929442180589975,0.20705578194125976,599.5456183620938,588.1863624255343,459.12542784434714,766.2533849031649,0
2026-02-03,0.7922535650349245,0.20774643496533263,599.6150881627682,590.5589693251931,454.9716621658598,767.6710412422465,0
2026-02-04,0.7915722588126507,0.20842774118760618,600.0514490112026,589.1718216129325,460.00190839473777,771.742026534796,0
2026-02-05,0.7909001728992764,0.20909982710098035,600.1194787332798,588.1468791832044,458.7682030980877,771.6923359635184,0
2026-02-06,0.7902371825137655,0.2097628174864911,600.5662064031657,587.174362540095,455.8317860100481,775.0648702239748,0
2026-02-09,0.789583164563779,0.2104168354364774,600.9104790827902,586.0943357871157,458.99878906999487,778.4224866615547,0
2026-02-10,0.7889379976228211,0.2110620023774351,600.729739372953,586.102151700163,457.25685227855985,779.1363897685422,0
2026-02-11,0.7883015619076951,0.211698438092561,600.8283415164173,586.9936880867108,455.7154620566552,782.6702303918164,0
2026-02-12,0.7876737392562638,0.21232626074399216,601.1838080994787,588.1722241834555,456.8775745413708,782.4200304268192,0
2026-02-13,0.7870544131055116,0.21294558689474422,601.6122982828033,588.3831341686632,455.1309029903233,777.9961729320557,0
2026-02-16,0.786443468469903,0.2135565315303527,601.3846125581546,586.3400951384975,455.2462953227328,780.1787907486676,0
2026-02-17,0.785840791920034,0.21415920808022154,600.8774039573525,586.1582555810846,450.6226933171549,782.5914819256499,0
2026-02-18,0.7852462715615728,0.21475372843868257,600.5710145062637,587.8208262540734,451.50681892560607,779.005475299231,0
2026-02-19,0.7846597970144851,0.2153402029857701,601.0460046077854,588.5604366210506,454.713374737769,782.5008619172519,0
2026-02-20,0.7840812593925405,0.2159187406077145,601.4631329997771,587.9148867004411,456.89541653550464,785.4817935956455,0
2026-02-23,0.7835105512830969,0.21648944871715795,602.0709354534918,589.2625876644902,449.9240979747116,789.5508616658868,0
2026-02-24,0.7829475667271574,0.21705243327309728,602.4208470878452,588.8444303427705,450.0109375360003,791.9506937668775,0
2026-02-25,0.7823922011996982,0.21760779880055625,602.1431500883983,589.2975526190721,451.47155344928177,789.1696075400503,0
2026-02-26,0.7818443515902622,0.21815564840999213,602.0093872751992,589.7826994087719,452.38331497206326,792.4349977441256,0
2026-02-27,0.7813039161838149,0.21869608381643932,602.4524940694087,589.952131751119,448.85400390716444,789.5753570080611,0
2026-03-02,0.78077079464186,0.21922920535839402,603.026700673043,590.6654484353264,446.9456181775477,793.8084207946329,0
2026-03-03,0.7802448879838106,0.2197551120164433,603.3431799424233,590.9443011855644,444.4596260236188,798.0666512244054,0
2026-03-04,0.7797260985686116,0.22027390143164213,603.6296800462108,591.5127235336821,444.6799412310352,805.1508843848433,0
2026-03-05,0.7792143300766121,0.22078566992364157,603.7391994715422,590.0322301592738,443.72791519437897,799.907290379359,0
2026-03-06,0.7787094874916818,0.22129051250857168,604.013472870561,590.0840120004683,443.39805947413663,802.6936380141186,0
2026-03-09,0.7782114770835706,0.22178852291668258,604.5743524301831,592.5928418812659,444.3305610016258,805.1469259449177,0
2026-03-10,0.7777202063905065,0.22227979360974645,605.217431164379,590.7186053739302,444.0415383910427,802.5200820831286,0
2026-03-11,0.7772355842020285,0.2227644157982243,606.0246672954844,594.5531959405782,444.41480433359163,807.5537799012014,0
2026-03-12,0.7767575205420524,0.22324247945820036,606.0189058536942,594.691107516095,442.64263826544715,805.4428379627611,0
2026-03-13,0.7762859266521656,0.22371407334808707,606.1947129287366,596.0462956925895,443.14897313427116,807.3086077687783,0
2026-03-16,0.7758207149751482,0.22417928502510437,606.2575661956107,595.1043523155995,445.04363365611147,815.7028633835655,0
2026-03-17,0.7753617991387167,0.22463820086153563,606.0152716376933,592.1496348895191,445.55848219479236,808.8412934337763,0
2026-03-18,0.7749090939394884,0.22509090606076387,606.2141268400566,594.12204706859,441.4071020444209,812.7209654894858,0
2026-03-19,0.7744625153271614,0.22553748467309068,605.5155710773987,593.2405930391925,442.8132917311042,812.5000173299337,0
2026-03-20,0.7740219803889106,0.22597801961134129,606.1225945082698,594.9399938996632,443.5177849059807,818.2841905646634,0
2026-03-23,0.7735874073339934,0.22641259266625835,605.9586685647855,593.6594663208314,443.68909744066457,822.0920883599277,0
2026-03-24,0.7731587154785643,0.22684128452168728,605.9708277166327,593.2835082210004,440.4295940636469,825.4590552681744,0
2026-03-25,0.7727358252306951,0.2272641747695564,606.3244189943277,591.8954067324191,440.93900802166064,820.8720078965832,0
2026-03-26,0.7723186580755973,0.22768134192465397,605.9141239906081,591.4662371290749,438.833357299003,823.2017010249419,0
2026-03-27,0.7719071365610455,0.22809286343920562,605.8442035856264,591.2558313872887,440.55227837336463,822.0009628060059,0
2026-03-30,0.7715011842829969,0.22849881571725414,606.5878409974538,592.41987827623,439.9915497160685,823.7830399391592,0
2026-03-31,0.771100725871406,0.2288992741288449,607.2692698884197,593.5122465993878,438.64683880018674,823.4426555562933,0
2026-04-01,0.7707056869762314,0.22929431302401923,606.8592562339164,596.4635459058585,439.9719061378093,832.2767615710432,0
2026-04-02,0.7703159942536321,0.22968400574661843,607.3730984758937,597.4022566469482,439.99036422913395,828.871289270695,0
2026-04-03,0.7699315753523494,0.23006842464790098,607.2990850962585,596.1530122055356,437.716338208624,828.3480139686621,0
2026-04-06,0.7695523589002748,0.23044764109997537,607.3415230101547,593.8548165060124,436.38563974405594,825.6126838356089,0
2026-04-07,0.7691782744911988,0.23082172550905125,607.8699491281005,593.1881042521786,436.995872631969,828.3707752631716,0
2026-04-08,0.7688092526717387,0.23119074732851128,607.8360123263383,597.0011541682138,433.60809826915596,829.7220337376049,0
2026-04-09,0.768445224928444,0.23155477507180583,607.9445043196773,599.8366585440419,433.22122145875977,832.2101650740287,0
2026-04-10,0.7680861236750761,0.23191387632517355,608.1797840576696,599.5031878977425,435.08551072239567,826.5063096383935,0
2026-04-13,0.76773188224006,0.23226811776018946,608.2695134484915,596.0259389963139,432.6408549485529,826.1265872381986,0
2026-04-14,0.7673824348541058,0.23261756514614343,608.4288392561235,599.512499338989,431.76278686388287,829.7042526803912,0
2026-04-15,0.7670377166379982,0.23296228336225094,608.5791886345393,597.4503168430153,432.8391094361452,829.6387866437092,0
2026-04-16,0.7666976635905501,0.23330233640969883,609.0177902557691,595.8921716773175,428.0013445766258,834.5543170896287,0
2026-04-17,0.766362212576721,0.23363778742352787,608.9549279789917,597.5332988979964,427.81314331234165,833.7571261414018,0
2026-04-20,0.7660313013158943,0.23396869868435452,609.4577290536367,596.8610557241361,431.2913187250677,832.4540020140139,0
2026-04-21,0.7657048683703145,0.23429513162993415,609.3779665601779,597.5025043100156,431.3146857528712,832.5060283180896,0
2026-04-22,0.7653828531336808,0.23461714686656765,609.5035860702837,596.7915320395005,429.0614208257355,839.559646050988,0
2026-04-23,0.7650651958198945,0.23493480418035384,609.9993333497241,597.1243115214832,433.03331418411125,841.7858186111034,0
2026-04-24,0.7647518374519588,0.2352481625482894,609.8317901866226,598.1969630821109,431.96487126024914,832.4608130003419,0
2026-04-27,0.7644427198510294,0.23555728014921873,610.0201768863832,597.2806250785202,432.5870641771836,839.4451575069633,0
2026-04-28,0.7641377856256125,0.2358622143746355,609.7995473217289,594.7473525158402,430.9531381574426,837.6684683686277,0
2026-04-29,0.7638369781609097,0.2361630218393382,610.3453013014934,596.887534950065,429.134886045294,842.9325331669326,0
2026-04-30,0.7635402416083064,0.2364597583919413,610.7652113015325,594.6388078013318,424.89259383052047,846.4638775391934,0
2026-05-01,0.7632475208750032,0.23675247912524422,610.9037351654041,594.1977199039067,425.11312222135393,848.2242189739069,0
2026-05-04,0.7629587616137872,0.23704123838646002,610.4743183318928,592.0080056217864,424.5560292650409,846.6276654466326,0
2026-05-05,0.7626739102129414,0.23732608978730566,610.86374296994,594.0052307013083,426.28084693599635,847.979483946435,0
2026-05-06,0.7623929137862913,0.23760708621395565,611.0604988881282,595.007519200499,424.4599025905082,847.0174395964239,0
2026-05-07,0.7621157201633858,0.23788427983686095,611.7443304329117,597.0848552580462,424.57495198231265,849.886017118973,0
2026-05-08,0.7618422778798114,0.23815772212043515,612.0257861249573,595.444700487757,424.1013489124914,859.7178248105533,0
2026-05-11,0.7615725361676369,0.2384274638326095,611.7172119460243,594.956859017412,422.1546360142909,858.495489752442,0
2026-05-12,0.7613064449459878,0.23869355505425846,612.1465832624432,597.2444414093877,422.96355832575824,856.4507334554886,0
2026-05-13,0.7610439548117481,0.23895604518849797,611.9849325544545,595.9410107517552,422.24837389520286,858.6376573186496,0
2026-05-14,0.7607850170303883,0.23921498296985766,612.2250439416262,599.8816719212713,417.92156421152396,860.2772305191869,0
2026-05-15,0.7605295835269166,0.2394704164733291,612.3246776795676,598.3857899648831,419.3291698472999,857.7849247779607,0
2026-05-18,0.7602776068769541,0.23972239312329138,612.385023317774,596.882112166348,418.4521351999875,855.0525406674079,0
2026-05-19,0.7600290402979292,0.23997095970231624,612.2380170562016,595.728590098776,418.55909725898266,856.0286738628159,0
2026-05-20,0.7597838376403917,0.2402161623598536,612.6268100211668,593.7871398313932,415.90710824267916,855.889870127375,0
2026-05-21,0.7595419533794452,0.24045804662079995,612.0997486195602,594.0524835042659,414.00034218094373,857.1865989259854,0
2026-05-22,0.7593033426062945,0.24069665739395046,612.8343922519172,593.6384847378627,414.8727725564961,859.948394852121,0
2026-05-25,0.7590679610199078,0.24093203898033702,612.4937910570789,592.9002094312777,416.08006804527645,856.7897229577933,0
2026-05-26,0.7588357649187915,0.24116423508145313,612.4041218760852,592.0670785886184,414.92094492344376,858.694814338421,0
2026-05-27,0.7586067111928767,0.24139328880736774,612.9993662954978,592.081209016942,417.470671704694,860.6156906639172,0
2026-05-28,0.7583807573155154,0.241619242684729,612.9226671275935,592.7813442181509,415.118521070864,861.6159216912614,0
2026-05-29,0.7581578613355842,0.24184213866466006,613.3793671233826,596.5998191007099,417.3764220535578,853.5063599130845,0
2026-06-01,0.7579379818696964,0.24206201813054765,613.5737285889662,594.5806643547651,416.5048913171737,855.8386356513464,0
2026-06-02,0.7577210780945185,0.24227892190572548,614.0136110064636,596.0597301171538,417.81423395546375,857.657292443502,0
2026-06-03,0.7575071097391902,0.2424928902610536,613.8812068721292,596.0246574363433,416.2574172320907,861.0682670293328,0
2026-06-04,0.7572960370778484,0.24270396292239524,614.3627754579533,597.896334283623,415.5467385499546,869.6497082457803,0
2026-06-05,0.7570878209222514,0.24291217907799223,614.1603774643138,594.3044420387696,413.89765197036763,869.926854220615,0
2026-06-08,0.7568824226145024,0.24311757738574094,614.7732335100233,595.694632405174,419.41624367648313,869.4288093869554,0
2026-06-09,0.7566798040198737,0.24332019598036958,615.1841591123319,596.1934427621786,418.98470540598413,873.2122541752976,0
2026-06-10,0.7564799275197248,0.24352007248051827,615.2677450213312,598.4823744674028,415.77010645632214,865.1447916978556,0
2026-06-11,0.7562827560045193,0.24371724399572356,614.9955675508074,596.2436688120864,414.832261132021,867.105223316131,0
2026-06-12,0.7560882528669346,0.24391174713330818,615.056610421675,596.1958964455135,414.75966308382283,865.1740964017208,0
2026-06-15,0.755896381995065,0.2441036180051776,614.950898883695,594.0507535293382,414.94540219413904,866.2652710815236,0
2026-06-16,0.7557071077657177,0.2442928922345248,614.9290251461267,597.3163338286271,416.83797008911546,862.6234940242033,0
2026-06-17,0.7555203950377984,0.24447960496244397,615.6406912449738,597.2192972165016,416.57518627579174,874.7359016522869,0
2026-06-18,0.7553362091457873,0.24466379085445503,615.7462101074623,597.2643138050926,417.12193417605033,873.9578560547272,0
2026-06-19,0.7551545158933024,0.24484548410693965,615.7078482861084,597.6133874081331,418.44336702736376,874.1933855074917,0
2026-06-22,0.7549752815467516,0.24502471845349025,614.9200575392795,596.507129738287,413.46745056603686,880.9067759823399,0
2026-06-23,0.7547984728290688,0.24520152717117302,615.019344542186,597.0164954983152,413.91460059195407,880.0631311176287,0
2026-06-24,0.7546240569135354,0.24537594308670627,615.4159414999001,597.109887569056,415.21469250399764,883.7986125865456,0
2026-06-25,0.7544520014176864,0.24554799858255508,616.0890610576945,599.0206076557405,416.2665491815203,885.4789108559237,0
2026-06-26,0.7542822743972978,0.24571772560294353,616.3770249733863,597.7497480422036,413.9804704569792,887.7881448118774,0
2026-06-29,0.7541148443404556,0.2458851556597855,616.8128350941739,597.2558655603139,412.7085636206136,891.369892610328,0
2026-06-30,0.7539496801617057,0.2460503198385353,616.6374905440819,595.468515822582,413.8754949634029,891.8932752819396,0
2026-07-01,0.7537867511962819,0.24621324880395895,616.7181495746428,593.709419289929,410.68442977858587,891.573892259698,0
2026-07-02,0.7536260271944131,0.24637397280582768,617.1877500894491,592.4859151198376,410.2001121385073,892.0858972981688,0
2026-07-03,0.7534674783157066,0.246532521684534,617.4275417661722,595.399943382319,412.89801108302896,893.2177648943753,0
2026-07-06,0.7533110751236084,0.24668892487663197,617.2013021684676,596.3367715204548,409.6537431918211,894.8834949235675,0
2026-07-07,0.7531567885799377,0.24684321142030244,617.0241475918704,595.5719960792708,410.1838727560515,896.3458753741705,0
2026-07-08,0.7530045900394955,0.24699540996074448,617.2682092838355,596.0532564041287,407.6360379142572,904.5517819377538,0
2026-07-09,0.7528544512447463,0.2471455487554936,617.1050209719077,597.1649941893877,405.9377718483262,903.3999867986461,0
2026-07-10,0.7527063443205717,0.24729365567966807,617.1234825267952,595.5698793238174,406.2581197974463,901.5410570902495,0
2026-07-13,0.7525602417690952,0.24743975823114434,616.8489488579623,595.2136800337307,410.23222576270325,899.3700791293104,0
2026-07-14,0.752416116464577,0.2475838835356624,617.0868306348491,595.1890696911461,407.33011417001467,900.3889377388745,0
2026-07-15,0.7522739416483772,0.24772605835186196,617.4902334287161,594.6985329062788,405.026591746636,904.9928601292177,0
2026-07-16,0.7521336909239885,0.24786630907625049,617.3773129553566,594.1305701292284,404.7901659463437,903.0221676260368,0
2026-07-17,0.7519953382521347,0.24800466174810415,618.1989389127132,595.850147937202,405.352525449558,898.1148665750555,0
2026-07-20,0.7518588579459364,0.24814114205430218,618.7332396234368,594.7851081873953,405.7863785851074,908.2888606104707,0
2026-07-21,0.7517242246661423,0.24827577533409612,618.7964403058703,593.751642929959,403.5269502454265,914.0109421536972,0
2026-07-22,0.751591413416424,0.2484085865838142,618.6897703189336,593.43717983536,401.68711391793795,911.9237541544261,0
2026-07-23,0.7514603995387357,0.2485396004615024,618.6140356635431,589.5785380577668,401.30243604952506,914.5053163910613,0
2026-07-24,0.7513311587087356,0.24866884129150232,619.0920619811585,592.3371498120649,404.952092342658,921.4033123586103,0
2026-07-27,0.7512036669312703,0.24879633306896748,619.0653283964089,592.5025047914423,397.72852569849863,917.044848712999,0
2026-07-28,0.7510779005359193,0.24892209946431823,619.2582766291862,591.1065689357281,400.5105472909025,919.7966164723175,0
2026-07-29,0.7509538361726009,0.24904616382763645,619.1520589065752,590.9113427414409,400.7990528769681,914.0991136146703,0
2026-07-30,0.7508314508072365,0.24916854919300072,619.1432967206053,590.8529668479274,401.0962441792665,918.9226903032326,0
2026-07-31,0.750710721717474,0.24928927828276298,619.8383658632748,590.9777492713938,401.4103034870085,924.559906450135,0
2026-08-03,0.7505916264884696,0.24940837351176728,620.0864569475626,590.4401312298327,403.5491618512756,925.8173009850474,0
2026-08-04,0.7504741430087255,0.24952585699151117,620.5311746074735,591.4399367532662,404.5365294676469,922.2067673530397,0
2026-08-05,0.7503582494659854,0.2496417505342511,621.1640069193465,590.6420271474144,406.86963405378617,928.8665394370275,0
2026-08-06,0.7502439243431842,0.24975607565705216,620.852190167536,591.5504973948557,402.4684028773101,930.4502157335024,0
2026-08-07,0.7501311464144533,0.24986885358578287,621.0221697349607,592.4319596577507,400.96716046165625,934.1103527069438,0
2026-08-10,0.7500198947411799,0.24998010525905615,621.2222975152475,592.3135298921801,400.686619147327,930.8849196378809,0
2026-08-11,0.7499101486681191,0.25008985133211675,621.4309249340196,589.9696077536601,401.56510849467026,932.8147076780405,0
2026-08-12,0.7498018878195595,0.2501981121806762,622.0630418439546,591.9511943329112,403.2833298693961,932.994720559467,0
2026-08-13,0.7496950920955398,0.2503049079046958,622.5599503104569,592.7361550605257,401.10097970351035,933.5560844319082,0
2026-08-14,0.7495897416681171,0.25041025833211833,622.8392286077775,593.3698457798405,400.7942172947895,933.6704685185888,0
2026-08-17,0.7494858169776858,0.2505141830225495,623.1436252167229,594.1003794320145,401.2277733348639,936.1169506013514,0
2026-08-18,0.7493832987293457,0.2506167012708895,623.4577921889569,590.8050506928681,402.16785519592435,935.6375650534372,0
2026-08-19,0.7492821678893201,0.25071783211091486,623.7045964552964,592.0970939088749,398.1682539061147,928.3447677554501,0
2026-08-20,0.7491824056814218,0.25081759431881306,623.445296233546,593.3809739608838,396.6698016088019,933.0186176865703,0
2026-08-21,0.7490839935835668,0.25091600641666784,622.9805087024091,595.4368583615194,392.98527751469385,933.7058954068303,0
2026-08-24,0.7489869133243359,0.25101308667589856,622.7812115804882,593.4018092719743,391.2554195840821,934.8860715951432,0
2026-08-25,0.748891146879582,0.25110885312065223,622.8420549234446,590.1455192331355,392.2560387133741,943.4009342250866,0
2026-08-26,0.7487966764690841,0.25120332353115,623.4684561408528,590.0626435718266,392.52250293651133,945.5590278586603,0
2026-08-27,0.7487034845532456,0.2512965154469883,624.0197088611476,590.9281377272989,390.6983767552171,940.0333534319732,0
2026-08-28,0.7486115538298386,0.25138844617039524,623.7397955609474,589.3748259246186,388.7050374584368,945.775752955542,0
2026-08-31,0.7485208672307906,0.25147913276944306,624.2067143637308,589.6161604125798,389.75551919088986,957.0480316640488,0
2026-09-01,0.7484314079190165,0.25156859208121696,624.2292526840904,590.9556451783208,391.80156809255226,953.3503914635663,0
2026-09-02,0.7483431592852923,0.25165684071494104,625.125958441989,591.6218849228942,390.9044583020447,951.2249765651559,0
2026-09-03,0.7482561049451709,0.25174389505506223,626.002483802215,589.3125578047803,391.36885431500224,962.6628957675348,0
2026-09-04,0.748170228735941,0.251829771264292,626.490871405186,592.5634519133946,392.54744830558343,954.6850665971583,0
2026-09-07,0.7480855147136254,0.2519144852866075,626.4651576853029,594.2977716229275,396.98019229374256,953.2194084194423,0
2026-09-08,0.7480019471500214,0.2519980528502112,626.4491062196647,593.0919433031644,394.08942486893,949.937516658548,0
2026-09-09,0.7479195105297808,0.25208048947045175,626.6157504447299,593.0594459013582,389.7486015053152,953.6278397707558,0
2026-09-10,0.7478381895475285,0.25216181045270397,626.8109928456263,593.2652465694259,391.9172347749317,952.288335499337,0
2026-09-11,0.7477579691050215,0.25224203089521086,626.3346462803948,592.2984372122152,394.16709952876903,958.424234862007,0
2026-09-14,0.7476788343083456,0.25232116569188656,626.6651345646845,594.2937946719815,391.5063707963987,963.4342467701218,0
2026-09-15,0.7476007704651503,0.25239922953508176,627.1420563225842,593.4840378647831,391.59171602221363,956.3460697619365,0
2026-09-16,0.7475237630819205,0.2524762369183114,626.6029963115716,594.2170202314103,389.5553424949859,953.3525350553782,0
2026-09-17,0.7474477978612861,0.2525522021389455,627.1674672782857,597.364834928924,387.39463998724784,961.698783322701,0
2026-09-18,0.7473728606993675,0.252627139300864,627.2367845639417,596.7251249047786,389.43302639099227,953.4580936296169,0
2026-09-21,0.7472989376831566,0.2527010623170748,627.4552128096469,597.4879697877989,389.254437644144,950.812675442497,0
2026-09-22,0.747226015087934,0.25277398491229724,627.5626937061066,596.718748957134,386.01194960827524,950.0439819718126,0
2026-09-23,0.7471540793747208,0.25284592062551026,627.5061058458854,594.6329547507542,387.0383665210686,961.2137285704763,0
2026-09-24,0.7470831171877651,0.2529168828124659,627.6597789956812,596.3691065502404,386.51871358296995,966.725081744008,0
2026-09-25,0.7470131153520618,0.25298688464816893,628.0549250970201,596.2584586928967,385.6369105817561,977.0802202487463,0
2026-09-28,0.7469440608709073,0.25305593912932334,628.5263132930603,595.571077205245,387.32949376411005,965.678654356113,0
2026-09-29,0.7468759409234855,0.2531240590767449,629.0498904168336,599.0967411970032,388.94403967523715,970.2952034719673,0
2026-09-30,0.7468087428624886,0.25319125713774165,629.0546658059167,598.3077824696211,389.61358055092046,969.505502092881,0
2026-10-01,0.7467424542117679,0.25325754578846216,629.1313859798968,598.4139054230506,388.2027013532829,966.301994180634,0
2026-10-02,0.7466770626640182,0.25332293733621164,629.309829779468,596.4117358290312,390.21737817441124,981.2058889620167,0
2026-10-05,0.7466125560784925,0.2533874439217372,629.542970640548,595.0224787186883,391.6259418342645,979.2715484855618,0
2026-10-06,0.7465489224787479,0.25345107752148166,629.5764946154518,596.0647951107944,390.37081519539834,970.5457252586419,0
2026-10-07,0.7464861500504221,0.2535138499498074,629.7290104804422,596.5612298394624,387.79131016509183,974.9636425557004,0
2026-10-08,0.7464242271390397,0.25357577286118965,630.4328128300187,597.0586402417175,384.71466566941405,969.6619846916412,0
2026-10-09,0.7463631422478488,0.2536368577523803,630.6359118215664,597.249501649135,386.8961461153634,972.2419107409002,0
2026-10-12,0.7463028840356863,0.25369711596454264,631.1133048664739,597.6895882992737,384.67313880250845,968.1689707003102,0
2026-10-13,0.7462434413148723,0.25375655868535657,631.2415074784898,598.5323041046918,383.09695996886586,970.290856342029,0
2026-10-14,0.7461848030491326,0.2538151969510961,631.239694762602,594.0994203501173,384.8285794641616,978.9241740786484,0
2026-10-15,0.7461269583515503,0.25387304164867824,631.806726145108,594.366712332457,387.0443504127985,977.1092508415227,0
2026-10-16,0.7460698964825441,0.25393010351768425,631.6452175595655,596.3235105446026,386.2123265297394,983.9996917071046,0
2026-10-19,0.7460136068478745,0.2539863931523536,632.2924083051795,596.6921175447228,388.4376292942261,979.99582849062,0
2026-10-20,0.745958078996677,0.25404192100355094,632.7637348708876,597.8665624678929,388.123054957327,984.3384603787244,0
2026-10-21,0.7459033026195213,0.2540966973807065,633.0334712203739,600.1238379744112,385.7971929850749,974.3026840731354,0
2026-10-22,0.7458492675464976,0.25415073245373,633.6472695639881,601.2043329568868,385.7099043388092,982.9037082284424,0
2026-10-23,0.7457959637453285,0.25420403625489896,633.5787987528023,600.2278679979706,385.2065689726557,986.1394617052703,0
2026-10-26,0.7457433813195061,0.2542566186807212,634.1949532925266,602.6177210635583,383.9403693345438,981.0592882599465,0
2026-10-27,0.7456915105064548,0.25430848949377244,635.0483991582973,603.2926602386343,384.6310873978168,985.4040990980169,0
2026-10-28,0.7456403416757184,0.2543596583245086,635.1343182726424,607.1017866172721,385.2735768076622,983.0867817091922,0
2026-10-29,0.7455898653271729,0.2544101346730539,634.9735587987996,605.8526873404601,381.88801949981354,980.3400390532087,0
2026-10-30,0.7455400720892618,0.2544599279109649,635.183239552436,605.172981083736,381.09036540097145,981.6823089109286,0
2026-11-02,0.7454909527172565,0.25450904728296997,635.3393359364802,606.1726747675175,376.86936542881733,981.3171315806068,0
2026-11-03,0.7454424980915401,0.2545575019086862,634.8706984126056,604.7351440617713,378.2827127969611,976.1535666957011,0
2026-11-04,0.7453946992159138,0.25460530078431226,635.2354990732521,604.0667441030096,378.0674859069226,977.5134672692367,0
2026-11-05,0.7453475472159273,0.2546524527842987,635.4877898339087,605.1611294674724,375.609368690219,971.2223954940171,0
2026-11-06,0.7453010333372302,0.25469896666299563,635.5372893857723,605.3309431085381,378.6709004733701,967.3653921401319,0
2026-11-09,0.7452551489439475,0.25474485105627814,635.4522043548458,602.6771526033606,378.15320354296966,971.8710917761626,0
2026-11-10,0.745209885517076,0.2547901144831495,635.6929362938162,601.9321481812864,377.71722981606035,981.1292348256347,0
2026-11-11,0.7451652346529024,0.25483476534732297,636.1971508919698,603.4386446339969,377.9841722061257,978.6941735240144,0
2026-11-12,0.7451211880614431,0.254878811938782,636.1878317369495,603.7625214647001,379.15969702511904,980.5845221372191,0
2026-11-13,0.7450777375649056,0.25492226243531935,636.416397134259,604.5001394482033,378.31277336922784,978.4454518148009,0
2026-11-16,0.7450348750961694,0.2549651249040554,636.1077262543754,601.7828184556563,378.3575353646451,978.2240586508814,0
2026-11-17,0.7449925926972888,0.25500740730293586,635.3356833424527,601.6008800428646,379.72117886527946,970.9446723833601,0
2026-11-18,0.7449508825180151,0.25504911748220943,635.3960425865769,600.8347195992096,377.5321431192589,985.583375360144,0
2026-11-19,0.7449097368143393,0.2550902631858852,636.5049880691417,602.7095027714065,377.9204082791562,991.4736146301713,0
2026-11-20,0.7448691479470542,0.2551308520531702,636.8616920101197,607.3507406300538,378.5675593978928,991.6018677313837,0
2026-11-23,0.7448291083803361,0.25517089161988815,636.8332475048659,606.5782378577999,375.5498076362069,986.473691830204,0
2026-11-24,0.7447896106803459,0.2552103893198783,637.3995882042844,603.9171375277672,372.1130039775558,989.5254728070736,0
2026-11-25,0.7447506475138486,0.2552493524863755,637.5995764358405,608.0713521496693,376.16828468758405,987.05743232801,0
2026-11-26,0.7447122116468519,0.255287788353372,638.1582187863318,607.6461602905041,372.57384861630254,987.65659887829,0
2026-11-27,0.7446742959432632,0.2553257040569604,637.5954339103345,607.6567420865692,376.49997779042843,994.0690872823028,0
2026-11-30,0.7446368933635648,0.2553631066366586,638.4027268537099,607.8549939428788,376.7814795259786,990.6496259424797,0
2026-12-01,0.7445999969635066,0.2554000030367166,638.3081033509437,606.9123171016545,377.19233059688486,981.4546873326592,0
2026-12-02,0.7445635998928171,0.255436400107406,638.318982328388,608.7326582856156,377.84146935383177,979.0225762199801,0
2026-12-03,0.7445276953939313,0.25547230460629167,638.5920187138119,609.6293236801259,376.82180433229587,979.3676133414616,0
2026-12-04,0.7444922768007364,0.2555077231994865,638.2905539363846,608.6881535634734,375.52946586421064,978.7114157855443,0
2026-12-07,0.7444573375373337,0.25554266246288904,639.1275266029224,607.9142505614869,374.35699013902195,985.9813833211588,0
2026-12-08,0.7444228711168184,0.2555771288834042,639.3404841052771,607.3172157793701,371.77305366505703,989.0208749119815,0
2026-12-09,0.7443888711400745,0.255611128860148,639.6233417382539,606.1005253553935,369.9737649363642,995.1077325321585,0
2026-12-10,0.7443553312945871,0.2556446687056352,640.0942161780907,607.6971923017745,371.6708221361638,997.3120239181467,0
2026-12-11,0.7443222453532705,0.25567775464695164,640.0107771946537,604.369113145309,373.19184130056027,1010.3441168832973,0
2026-12-14,0.7442896071733117,0.2557103928269103,639.4833371389465,604.6894688289846,376.82558350050783,1005.3455120453066,0
2026-12-15,0.7442574106950302,0.2557425893051917,639.2864402183661,608.1267940291996,373.62099782486246,999.2667510521777,0
2026-12-16,0.7442256499407528,0.25577435005946897,639.9812001210045,605.3677496699195,371.6369929459247,999.3781855900197,0
2026-12-17,0.7441943190137039,0.2558056809865176,639.8990515133466,605.6495865580898,372.15448815125035,994.3613124943795,0
2026-12-18,0.7441634120969107,0.2558365879033106,639.3512356677926,603.7599738666518,372.60470926313883,1004.8985309627209,0
2026-12-21,0.7441329234521231,0.2558670765480981,639.1351958460747,600.8388094773798,370.8114929918022,1003.794716952239,0
2026-12-22,0.7441028474187482,0.25589715258147283,639.4689585725419,602.9151199036367,372.25295312671403,1000.1195115431294,0
2026-12-23,0.7440731784127996,0.2559268215874213,639.5864449497528,602.7266626787184,371.47374837867267,1000.9477166742688,0
2026-12-24,0.7440439109258605,0.2559560890743602,639.924320302159,600.7051516811143,372.2655028492493,999.4198114416431,0
2026-12-25,0.7440150395240612,0.25598496047615926,639.785592914128,600.4400044649075,371.34227121436714,1003.7843753099423,0
2026-12-28,0.7439865588470701,0.2560134411531503,640.0044692082063,602.6899254469836,370.3586067427202,998.8056678526731,0
2026-12-29,0.7439584636070982,0.25604153639312205,640.1852418258195,600.1714378106049,368.01126801699456,1001.3522721960105,0
2026-12-30,0.7439307485879177,0.2560692514123022,640.3945227204887,596.174677995611,371.3683227955761,1007.3445005166398,0
2026-12-31,0.7439034086438939,0.25609659135632584,640.2278654422464,599.3870206095289,370.6527143266816,1010.1537579047392,0
2027-01-01,0.743876438699029,0.2561235613011905,640.2201356409043,599.8328025750557,368.40339844794846,1009.3459444424651,0
2027-01-04,0.7438498337460203,0.2561501662541991,640.5185125075774,602.0325777598957,367.0008838445748,1015.2923763231996,0
2027-01-05,0.7438235888453302,0.2561764111548891,640.7499971525567,604.799786877639,364.494448530411,1013.1113529492314,0
2027-01-06,0.7437976991242692,0.2562023008759499,640.9403155311995,602.5778254009763,364.5087358080168,1018.7693744454052,0
2027-01-07,0.7437721597760915,0.2562278402241274,640.5958083211751,600.4418397284387,366.84386116944063,1022.4422732536798,0
2027-01-08,0.7437469660591022,0.25625303394111654,641.0343465029297,604.1555529961009,365.52178500074103,1018.7455907344477,0
2027-01-11,0.7437221132957772,0.2562778867044414,641.0559812189297,602.6177690860134,365.8450512623204,1013.5695352537019,0
2027-01-12,0.7436975968718945,0.2563024031283239,641.0033425126636,601.1758897451656,367.0867004649129,1020.2013273546593,0
2027-01-13,0.7436734122356777,0.2563265877645404,641.1469224871462,602.5542446867735,359.51027394873734,1025.9862324344504,0
2027-01-14,0.7436495548969512,0.2563504451032669,641.2621630428382,602.7580871120672,360.60491441895147,1028.539817028561,0
2027-01-15,0.7436260204263057,0.2563739795739123,640.9397138114427,602.2185164958473,360.2264279301485,1022.021177599772,0
2027-01-18,0.7436028044542765,0.2563971955459413,641.3909444424257,599.2221958621546,361.3086802517738,1033.7487945995733,0
2027-01-19,0.7435799026705323,0.2564200973296854,641.0671012576033,601.2186422500617,362.57131683196565,1030.9201468427664,0
2027-01-20,0.7435573108230745,0.256442689177143,641.2993199879518,602.5675255966381,361.7975035824556,1026.2624060258145,0
2027-01-21,0.7435350247174481,0.2564649752827692,641.7464210218061,603.7040845839044,361.81977881358176,1032.4936402758624,0
2027-01-22,0.743513040215963,0.25648695978425423,641.8724902966059,604.8265626130922,362.40726789928357,1032.9180813460823,0
2027-01-25,0.7434913532369252,0.2565086467632918,641.7353674473189,604.9381074994424,363.45118949859335,1034.4500807414868,0
2027-01-26,0.7434699597538799,0.2565300402463371,642.3741963955811,602.0913711215622,366.31549999039754,1034.0077510533213,0
2027-01-27,0.743448855794863,0.2565511442053538,642.3516790421281,599.1435645347219,363.36124637168433,1044.9078873179747,0
2027-01-28,0.7434280374416644,0.2565719625585522,642.8234300834977,600.5755959561546,364.6354710275656,1049.8466045852902,0
2027-01-29,0.7434075008291002,0.2565924991711162,642.7778860337264,601.2523260260652,365.76465696100115,1051.8442950621977,0
2027-02-01,0.7433872421442951,0.2566127578559212,643.5348499358643,602.30268327614,364.67463326933256,1050.5966753199293,0
2027-02-02,0.7433672576259744,0.2566327423742418,643.7857867689738,602.3309765369324,361.71578750682124,1050.3121392263613,0
2027-02-03,0.7433475435637661,0.25665245643645007,643.8209336705539,600.9365603366832,361.1693546598721,1053.8715664978345,0
2027-02-04,0.7433280962975112,0.2566719037027048,643.5532956806845,602.8998735753229,360.9979059594961,1053.0163718975048,0
2027-02-05,0.743308912216585,0.25669108778363076,643.9548932579947,603.4506116180801,362.2996547320128,1056.6373493905658,0
2027-02-08,0.7432899877592266,0.25671001224098905,643.828173312204,600.7773765313877,362.5863196757606,1048.9713990956798,0
2027-02-09,0.743271319411877,0.25672868058833853,643.825340455808,604.4302551062915,358.2015359623589,1057.1733758523212,0
2027-02-10,0.7432529037085273,0.256747096291688,643.7577504058753,602.0778518520469,358.6408843896606,1058.1240895571855,0
2027-02-11,0.7432347372300752,0.25676526277013995,643.8567104396101,600.6645040984333,358.1914601953435,1066.5316960014163,0
2027-02-12,0.74321681660369,0.25678318339652495,643.6634424896187,600.2715218544417,357.23290226755256,1067.6937686823596,0
2027-02-15,0.7431991385021866,0.2568008614980283,643.5541076408572,600.9756069809407,356.43447014529613,1072.9219234843495,0
2027-02-16,0.7431816996434072,0.25681830035680747,643.6824183417883,598.1071254087642,354.84086792091983,1069.9700709959118,0
2027-02-17,0.7431644967896129,0.2568355032106016,643.5156869847516,595.2603476459892,349.41712495081805,1069.0390998258317,0
2027-02-18,0.7431475267468819,0.2568524732533326,644.109506753674,594.9786273270909,356.33673329788894,1067.9996063484314,0
2027-02-19,0.7431307863645162,0.2568692136356981,644.5241139425335,594.7218339619899,355.3391284796704,1073.8491941532982,0
2027-02-22,0.7431142725344577,0.2568857274657565,644.9197031996065,594.0216772114674,353.4822628096248,1075.108551447428,0
2027-02-23,0.7430979821907102,0.25690201780950395,645.0322160989967,593.9056142449967,356.94119410779416,1075.3653767469996,0
2027-02-24,0.7430819123087705,0.2569180876914436,645.3981795881379,594.037360434649,354.34353767971083,1069.6381134040266,0
2027-02-25,0.7430660599050669,0.2569339400951471,645.9729678400737,595.6740221735446,353.9622748023073,1074.7270468876384,0
2027-02-26,0.743050422036405,0.2569495779638087,646.1134904790786,600.0741786560598,353.97213250019814,1068.8581570841898,0
2027-03-01,0.743034995799422,0.25696500420079155,646.1008712916,597.706975298486,352.8246408744083,1078.915737572996,0
2027-03-02,0.7430197783300466,0.25698022167016665,645.9458270465683,597.0829158229844,350.7723659427268,1078.1763815880715,0
2027-03-03,0.7430047668029682,0.2569952331972449,646.202294584968,595.6022410163084,351.60083172706845,1077.2052224915776,0
2027-03-04,0.7429899584311117,0.2570100415691013,646.4308322416681,594.5874629296104,352.149186425841,1080.9613323657097,0
2027-03-05,0.7429753504651201,0.2570246495350927,646.4746316261223,596.6417227192887,351.23439549084503,1085.2563182721187,0
2027-03-08,0.7429609401928445,0.2570390598073681,646.5537924211677,596.6710229735677,352.563066354426,1079.6911991410307,0
2027-03-09,0.7429467249388403,0.25705327506137216,646.5351251635595,598.0498994909408,353.18844872282864,1079.9511837755683,0
2027-03-10,0.7429327020638702,0.25706729793634203,646.8929668152039,595.7685858883963,351.93250412485696,1082.2400409588574,0
2027-03-11,0.7429188689644147,0.25708113103579744,646.9878329971035,595.3703780669757,353.54995034114313,1085.9833723821964,0
2027-03-12,0.7429052230721882,0.25709477692802374,647.2872164565674,599.8071203811319,351.93466027260445,1080.4836187210287,0
2027-03-15,0.7428917618536627,0.25710823814654915,647.0465896263668,596.950760333759,353.24714328754663,1079.3052926282974,0
2027-03-16,0.7428784828095969,0.25712151719061477,647.9774407139504,598.1468071322066,351.4896472103881,1082.3074830281548,0
2027-03-17,0.7428653834745726,0.2571346165256389,648.1233184830849,598.9850538170967,349.86944767703466,1085.935132847638,0
2027-03-18,0.7428524614165368,0.2571475385836746,648.0158906886506,598.9319425987277,345.896484760134,1081.164387203658,0
2027-03-19,0.74283971423635,0.25716028576386124,648.174027519743,598.2928587611805,343.8428353837242,1083.9532983671338,0
2027-03-22,0.742827139567341,0.25717286043286997,648.7767537269801,599.3074652400356,343.1620922319402,1076.0537272649342,0
2027-03-23,0.7428147350748677,0.2571852649253431,648.9760294871388,602.8254805488108,343.72989730388383,1077.373659902237,0
2027-03-24,0.742802498455883,0.25719750154432763,648.7347578084322,603.095220152255,343.20877926601685,1079.2245967956567,0
2027-03-25,0.7427904274385078,0.25720957256170274,648.8807742388466,600.162156222,346.55413694227155,1083.8792840496565,0
2027-03-26,0.7427785197816087,0.25722148021860164,649.374266500875,603.7256853605588,344.4891707409531,1082.8963223017777,0
2027-03-29,0.7427667732743826,0.2572332267258276,649.4118126046005,604.174123041972,341.16274701865177,1087.3424418157977,0
2027-03-30,0.7427551857359456,0.25724481426426454,650.0758085178167,605.2456232633879,341.2336160978548,1081.7406851979679,0
2027-03-31,0.7427437550149282,0.2572562449852818,650.6920511772299,605.8203846221672,341.26983726966887,1080.6442219829207,0
2027-04-01,0.742732478989076,0.2572675210111337,650.9512528901312,604.4861831111749,341.18408891308746,1083.822029995052,0
2027-04-02,0.7427213555648561,0.2572786444353535,651.7625751519298,605.4883501024347,339.8076568950571,1086.3818458451597,0
2027-04-05,0.7427103826770675,0.25728961732314193,651.9536404008867,605.3777391839749,345.56155911949634,1073.5576865423486,0
2027-04-06,0.7426995582884582,0.257300441711751,651.9214181256021,605.7435512055026,342.2849354696763,1073.9519570124785,0
2027-04-07,0.7426888803893472,0.25731111961086184,652.4772995463547,608.6703126937839,347.19764285587524,1095.3927840130564,0
2027-04-08,0.7426783469972508,0.2573216530029581,653.4399781156012,612.7274568780891,345.6580806581417,1091.221645908286,0
2027-04-09,0.7426679561565147,0.2573320438436939,653.9890174589569,613.6517011470146,346.1125458880741,1098.13733562501,0
2027-04-12,0.7426577059379514,0.2573422940622569,654.1775952904627,614.1801034098372,344.82774739194434,1085.3278182448698,0
2027-04-13,0.7426475944384816,0.2573524055617266,653.5648455971929,612.3135306464485,346.3674745610923,1087.7117079850505,0
2027-04-14,0.7426376197807806,0.2573623802194275,653.3232679885504,612.0050892508914,342.30045798115646,1091.9962312681175,0
2027-04-15,0.7426277801129301,0.2573722198872777,653.1284917294498,609.8388051468867,339.19764300559353,1087.3303895852093,0
2027-04-16,0.7426180736080746,0.25738192639213303,652.6796596921929,611.1536511141637,339.99208070599866,1087.2245942140426,0
2027-04-19,0.7426084984640818,0.25739150153612567,653.3739723109427,610.3478322137172,339.55565627353826,1093.262058164901,0
2027-04-20,0.7425990529032082,0.2574009470969992,653.4454840748394,611.2065992463638,339.037545088785,1080.2544172831326,0
2027-04-21,0.7425897351717687,0.2574102648284384,653.541827318931,613.4138981323979,340.3778984233135,1081.2830067404536,0
2027-04-22,0.742580543539812,0.257419456460395,653.1827381683872,617.7908572119281,338.2806321008692,1076.654013546115,0
2027-04-23,0.7425714763007979,0.2574285236994088,653.4718138995822,617.5580848707136,339.45292368149353,1092.0279568256246,0
2027-04-26,0.742562531771282,0.25743746822892455,653.9308289335899,612.9131365718097,340.49444993694505,1096.3094288581133,0
2027-04-27,0.742553708290602,0.2574462917096044,654.7758935437802,616.9824461204025,338.95013904543885,1089.314029956791,0
2027-04-28,0.7425450042205699,0.2574549957796364,655.2839877628073,616.7098202122268,342.35966349414184,1095.0743594057292,0
2027-04-29,0.7425364179451678,0.25746358205503833,654.8338108370623,617.264761062532,342.27817886058847,1081.1735603442871,0
2027-04-30,0.7425279478702479,0.2574720521299581,655.3559931564297,618.1811891586307,340.7159546256542,1098.6431151989304,0
2027-05-03,0.7425195924232363,0.2574804075769696,654.923088382292,617.0914514208787,338.29076167971624,1086.7728112388088,0
2027-05-04,0.7425113500528412,0.2574886499473646,655.3863171634135,617.376034075071,336.158408027289,1086.666403536114,0
2027-05-05,0.7425032192287648,0.25749678077144067,654.9787458935795,616.5641861945222,335.5807345262658,1091.3698882274064,0
2027-05-06,0.7424951984414196,0.2575048015587857,655.2370484858209,614.2744603323439,336.9240879331002,1093.14349439174,0
2027-05-07,0.7424872862016475,0.2575127137985576,655.3453752203959,613.2253577376193,335.8275276654666,1101.4885279056195,0
2027-05-10,0.7424794810404436,0.25752051895976136,656.5274418839235,620.2618957964471,335.1442151200321,1104.8463412797369,0
2027-05-11,0.7424717815086835,0.2575282184915213,656.3609938038923,618.9032930457273,337.50458543263346,1096.0736156173712,0
2027-05-12,0.7424641861768542,0.25753581382335045,656.5729086511532,619.1402478309944,334.56464802134,1105.2525829123208,0
2027-05-13,0.7424566936347886,0.25754330636541584,657.3053009347525,617.2683880870026,335.55617322498756,1120.0846524285869,0
2027-05-14,0.7424493024914041,0.2575506975088002,657.7767209141603,617.2039814700308,334.0369998113939,1120.0177621621935,0
2027-05-17,0.7424420113744435,0.2575579886257605,658.0663232458704,612.995280466127,336.3330750139705,1112.395814376386,0
2027-05-18,0.7424348189302215,0.2575651810699825,658.1573348106288,613.6885325997775,336.07470867902055,1114.2007743506463,0
2027-05-19,0.7424277238233717,0.25757227617683204,657.5147235992334,614.6176291587665,334.7546549590946,1120.3924032390848,0
2027-05-20,0.7424207247366004,0.25757927526360325,657.5914189033224,613.9611058578068,333.00250540230036,1123.0531137211894,0
2027-05-21,0.7424138203704405,0.2575861796297629,658.178597030999,614.1263226918081,331.6716676436635,1133.0494925931578,0
2027-05-24,0.7424070094430115,0.25759299055719165,657.5552265893009,613.5931561354264,331.1916602488459,1124.3763689657856,0
2027-05-25,0.7424002906897808,0.25759970931042225,657.5039211245132,614.9358682032262,329.1349196843292,1126.5338190366401,0
2027-05-26,0.7423936628633289,0.257606337136874,657.8110171023444,615.3368639444266,332.31293916432344,1130.4331923769344,0
2027-05-27,0.7423871247331182,0.25761287526708454,657.7445432590002,612.9181430673157,331.4868046977806,1131.7484032887517,0
2027-05-28,0.7423806750852642,0.2576193249149384,658.5937077705835,618.8308296542904,330.8161916893645,1124.6843034888273,0
2027-05-31,0.7423743127223101,0.2576256872778922,659.0874096732296,614.4016052057684,332.0900649930905,1125.4098031645724,0
2027-06-01,0.7423680364630051,0.25763196353719714,659.9983053945025,614.8263939703759,330.3068388782781,1139.7757735424118,0
2027-06-02,0.742361845142084,0.25763815485811803,660.4620677129855,615.8370435057191,333.28830096345064,1125.6419076028121,0
2027-06-03,0.7423557376100519,0.25764426239015004,660.9694277281579,613.6408799821153,334.81148433733733,1120.9208819242237,0
2027-06-04,0.7423497127329701,0.2576502872672317,660.8734269013679,611.3714356968128,332.7519349443292,1119.6542819474207,0
2027-06-07,0.7423437693922459,0.2576562306079558,661.1721239156572,610.8380906831271,333.07170582457553,1139.8010689338785,0
2027-06-08,0.7423379064844248,0.25766209351577674,661.9971101565623,614.7665164732355,333.98754162923433,1141.6692053364554,0
2027-06-09,0.7423321229209856,0.25766787707921573,661.8768347886885,612.2691246087788,329.60317485014093,1138.3983028307537,0
2027-06-10,0.7423264176281386,0.25767358237206256,661.9692275412432,612.2604597133173,328.6968351200142,1135.6032930049641,0
2027-06-11,0.7423207895466257,0.2576792104535752,662.0480529065144,614.6106844800977,329.3331703905276,1139.0362406070894,0
2027-06-14,0.7423152376315244,0.2576847623686764,662.6502948211138,613.7100789717789,327.8886842549914,1148.0301621293781,0
2027-06-15,0.742309760852053,0.2576902391481476,662.3743764078936,611.6582146727583,328.6859799800709,1137.3934208714068,0
2027-06-16,0.74230435819138,0.25769564180882043,662.5995671175621,614.3366759963521,330.1585300210549,1136.59332844395,0
2027-06-17,0.7422990286464347,0.2577009713537655,662.5632085904821,614.9963954153848,328.2758579424627,1139.491963235956,0
2027-06-18,0.7422937712277216,0.25770622877247856,663.0522153424951,614.3521484119663,326.49310451045454,1147.1906375424824,0
2027-06-21,0.7422885849591359,0.2577114150410641,663.5295393653165,614.0975443706009,331.15342086992166,1139.0797315157386,0
2027-06-22,0.7422834688777828,0.25771653112241694,663.8252586068406,620.1220680371595,331.2894713995977,1142.8453442441205,0
2027-06-23,0.742278422033799,0.2577215779664006,664.521446380293,621.0302932254136,333.7514283043829,1146.4336276223692,0
2027-06-24,0.7422734434901755,0.25772655651002396,665.2330045608196,622.2944951857319,333.7946439176491,1153.140101862559,0
2027-06-25,0.7422685323225844,0.2577314676776149,665.6835610046952,623.2358219847863,332.3768892185761,1174.560712526181,0
2027-06-28,0.7422636876192068,0.2577363123809923,665.4443152575708,621.426833124056,332.7100648940066,1165.5792925700785,0
2027-06-29,0.7422589084805639,0.2577410915196351,665.6916940447694,621.0471712974943,332.30532232392494,1169.4217954823255,0
2027-06-30,0.7422541940193496,0.25774580598084923,665.0080035320403,620.3374248057248,328.14778070580616,1163.858237760661,0
2027-07-01,0.7422495433602659,0.2577504566399326,664.8434146945434,618.0799348304961,326.23901571093194,1170.0639827643092,0
2027-07-02,0.7422449556398609,0.2577550443603374,664.5649316122108,617.590505959912,329.0068153454743,1159.7306795413576,0
2027-07-05,0.7422404300063676,0.25775956999383054,664.3073768668331,620.3309460332412,330.85889890952734,1155.0666838541104,0
2027-07-06,0.7422359656195464,0.2577640343806516,664.0821373023358,617.9734261375152,329.1720609831613,1157.053991472656,0
2027-07-07,0.7422315616505288,0.257768438349669,664.1568756338756,616.2089310445302,328.47726716202095,1166.8625884042651,0
2027-07-08,0.7422272172816637,0.25777278271853393,663.7260958178084,613.561130916667,324.4191573653339,1169.420395431154,0
2027-07-09,0.7422229317063654,0.257777068293832,664.3122130025073,613.5973132060519,322.91626833529534,1159.1015070956657,0
2027-07-12,0.7422187041289641,0.25778129587123316,665.0515123120025,615.731299933431,325.7089902215926,1152.582739213325,0
2027-07-13,0.7422145337645578,0.2577854662356393,665.5867985623807,616.5340566110735,326.2774210069592,1152.0290657532778,0
2027-07-14,0.742210419838867,0.2577895801613299,665.3282745401871,618.0888908056322,326.942692450527,1157.3085268515238,0
2027-07-15,0.7422063615880907,0.25779363841210606,665.4419585589832,622.8784004157756,328.9542778388014,1151.7585323837075,0
2027-07-16,0.7422023582587646,0.25779764174143205,665.398194273887,623.9843056768445,325.6401596140247,1161.7651574488739,0
2027-07-19,0.7421984091076212,0.25780159089257526,666.0717038161662,624.7784624239346,324.61540190144484,1165.1268098081646,0
2027-07-20,0.742194513401452,0.2578054865987443,666.1901278226138,626.2411967551393,323.72961662185764,1166.0184533841086,0
2027-07-21,0.7421906704169711,0.25780932958322517,666.175028718391,626.0644661123551,324.10445408065925,1162.1476230397548,0
