low_vol,high_vol
1.0,1.2516903317203564e-24
0.9999779116703637,2.2088329720319196e-05
0.9999729417600157,2.705824013930746e-05
0.9999764067215642,2.3593278532688822e-05
0.9999736602302784,2.6339769861724324e-05
0.999957484239768,4.2515760316562566e-05
0.9999685989228836,3.1401076981273345e-05
0.9999647151211999,3.528487898872208e-05
0.9999410304947537,5.896950522289237e-05
0.9998576002102181,0.00014239978995570193
0.9998379379202667,0.0001620620798375007
0.9999148418724001,8.515812740497672e-05
0.9999575830394386,4.2416960708728196e-05
0.9999642398334242,3.5760166713426e-05
0.9999635636371552,3.643636296820159e-05
0.9999670280823727,3.2971917697206305e-05
0.9999626151769658,3.73848228410944e-05
0.9999603660363457,3.963396373817646e-05
0.9999661357014421,3.3864298776766524e-05
0.9999606507560601,3.9349244088134794e-05
0.9999433534936886,5.664650625600798e-05
0.9999469672349993,5.3032765207410473e-05
0.9999044620510319,9.553794911743737e-05
0.9998130561000589,0.00018694390009474113
0.9994832630966376,0.0005167369034210009
0.9996018317718113,0.00039816822833409275
0.9998500459206929,0.00014995407929389832
0.9999318566123464,6.814338744410088e-05
0.9999665812783741,3.341872157593939e-05
0.9999767840075158,2.3215992294916615e-05
0.9999760622322577,2.3937767967699675e-05
0.9999742945040178,2.5705495920383862e-05
0.9999765717755105,2.3428224537482232e-05
0.9999677660300443,3.223396990747599e-05
0.9999477077720685,5.2292227847905094e-05
0.9999705495259417,2.945047384631286e-05
0.999976196046202,2.3803953641045616e-05
0.9999742102242233,2.578977562036695e-05
0.9999584170296958,4.158297021642381e-05
0.9999016585020988,9.83414980322994e-05
0.9999303153965297,6.968460364927373e-05
0.9999064864330625,9.351356690979291e-05
0.9998450962665127,0.0001549037334369508
0.9998816886989963,0.00011831130101937352
0.9999033238864267,9.667611370829226e-05
0.999900379698603,9.962030126358266e-05
0.9999473715772548,5.262842276439753e-05
0.9999675486569274,3.245134325202339e-05
0.9999648092328499,3.51907673410779e-05
0.999955877534641,4.412246546071892e-05
0.9999196299775124,8.037002254965095e-05
0.9999326924059253,6.730759405691076e-05
0.9999545256945397,4.5474305320806864e-05
0.9999665583566908,3.344164340113026e-05
0.9999706658082426,2.933419193740289e-05
0.999969813259185,3.0186740609389942e-05
0.9999488487987538,5.115120134020375e-05
0.9999447055314963,5.5294468602195854e-05
0.9999656804020891,3.431959781212223e-05
0.9999767976377966,2.320236204001672e-05
0.9999769006916196,2.30993084134825e-05
0.9999678199422444,3.218005766577381e-05
0.9999775570849193,2.244291525770063e-05
0.9999793347940584,2.0665205980237146e-05
0.9999743740077303,2.562599214653087e-05
0.9999593219187856,4.067808105011013e-05
0.9999288109622542,7.118903778817821e-05
0.9998653764249844,0.000134623575224561
0.9999294441712498,7.055582863953608e-05
0.9999624816822406,3.751831794280586e-05
0.9999702285142857,2.977148585558636e-05
0.9999611466245593,3.8853375522571e-05
0.9999292939960881,7.0706004069338e-05
0.9999447499387584,5.5250061247087034e-05
0.9999562316349341,4.3768365119370155e-05
0.9999449443043361,5.505569552532393e-05
0.9999636764658725,3.632353404233988e-05
0.9999713638220102,2.863617817597545e-05
0.9999654990314399,3.450096872830463e-05
0.9999496119770365,5.038802310553639e-05
0.9999316311494482,6.836885055278245e-05
0.9998970577850895,0.000102942215044114
0.9999498461883419,5.01538115998137e-05
0.9999568103235247,4.318967668855626e-05
0.9999591480786887,4.0851921398944934e-05
0.9999716642081845,2.8335791589536672e-05
0.9999664203386738,3.357966111043068e-05
0.9999740086162957,2.599138364243703e-05
0.9999690103577207,3.0989642448173095e-05
0.9999618877164412,3.811228367245671e-05
0.9999473957285252,5.26042714175697e-05
0.9999665415552477,3.345844456018295e-05
0.9999636589728322,3.634102702631895e-05
0.9999400747658642,5.9925234245397235e-05
0.9998730048815383,0.00012699511835534316
0.9998687613002409,0.00013123869998413307
0.9997803379463973,0.00021966205345405688
0.999919398466081,8.060153406108414e-05
0.9999588073936758,4.119260649307609e-05
0.9999627626860456,3.723731407241362e-05
0.9999378178852407,6.218211467820891e-05
0.9999581546600594,4.184534002416852e-05
0.9999476249473566,5.237505270171313e-05
0.9999637966444179,3.6203355468317046e-05
0.9999612285968635,3.877140320907004e-05
0.999970687518154,2.9312481653790318e-05
0.9999753812373486,2.4618762660834887e-05
0.9999754434993703,2.4556500560297385e-05
0.9999741750176825,2.58249820977692e-05
0.9999586753955159,4.132460429062901e-05
0.9999446956890341,5.530431114275856e-05
0.9998783538324741,0.00012164616734773095
0.999856742276818,0.0001432577231676129
0.9999421084926665,5.789150739071529e-05
0.9999676646273875,3.233537267253819e-05
0.9999753107405144,2.468925958798397e-05
0.9999701629512215,2.983704897783668e-05
0.999953400749588,4.659925043288923e-05
0.9999731541458605,2.6845853944534278e-05
0.9999767432562788,2.3256743542624978e-05
0.9999798638622535,2.0136137905584838e-05
0.9999798144644995,2.0185535661421056e-05
0.9999762088643154,2.379113548673003e-05
0.9999705416895114,2.9458310477902368e-05
0.9999612958459345,3.8704154055701336e-05
0.9999704359170348,2.956408294083159e-05
0.9999768252430491,2.3174757056570223e-05
0.9999771786395515,2.2821360464161775e-05
0.9999766784035411,2.3321596266477425e-05
0.99996666420015,3.333579964613766e-05
0.9999355250701613,6.447492969684434e-05
0.9999428434671689,5.71565329349774e-05
0.9999666078501932,3.339214986130312e-05
0.9999684226492619,3.157735082892333e-05
0.99997601977306,2.398022703810998e-05
0.9999747778449427,2.5222154942551316e-05
0.9999791164571108,2.0883542695291327e-05
0.999979178783483,2.0821216423694388e-05
0.9999804253021939,1.957469801714181e-05
0.9999776508339883,2.234916594651787e-05
0.9999680619833118,3.193801674646154e-05
0.9999775256789536,2.2474321128524846e-05
0.9999804702912887,1.9529708846683074e-05
0.9999783489763204,2.1651023695279032e-05
0.999969028206456,3.097179348172877e-05
0.9999364111595734,6.358884058803072e-05
0.9999151638748197,8.483612495708228e-05
0.9999484113369954,5.158866297056098e-05
0.9999712158187298,2.8784181280477223e-05
0.9999748679044785,2.5132095429138468e-05
0.999971942706254,2.8057293773386923e-05
0.9999614561172668,3.8543882519919454e-05
0.9999759767854606,2.4023214425787795e-05
0.9999784852616147,2.1514738310476765e-05
0.9999730759405137,2.6924059671147714e-05
0.99995100959085,4.899040916886609e-05
0.9998770903455101,0.0001229096547092378
0.9996592006354728,0.00034079936472924325
0.9990406930019411,0.0009593069981419273
0.9975928747419712,0.0024071252582408896
0.995357596887804,0.004642403112121958
0.9911178860484606,0.008882113951389508
0.9767325071789011,0.023267492820944265
0.9303674438478707,0.06963255615194625
0.8195234719780984,0.18047652802201117
0.44449741001570847,0.5555025899845178
0.39517813066622465,0.6048218693337344
0.2279496308140968,0.7720503691857783
0.00023544081648785005,0.9997645591834555
0.0006519639268891292,0.9993480360732536
0.0007834856636043909,0.9992165143365664
0.0013255058233731158,0.9986744941766031
0.0015961635688205187,0.9984038364310144
0.0012856332025755549,0.9987143667976461
1.2637991219935846e-07,0.9999998736202622
7.889147540286187e-09,0.999999992111043
6.814553340388399e-05,0.9999318544665399
4.009958783590255e-05,0.9999599004122668
4.6376744766809126e-21,1.0
9.335443434184129e-05,0.9999066455656683
0.00021323117148384013,0.9997867688285571
0.015363398581368419,0.9846366014186206
0.025676175926696337,0.9743238240731642
0.0341787505383199,0.9658212494615146
0.03673490325723157,0.9632650967427236
0.036534720558534524,0.9634652794415274
0.033853113563380235,0.966146886436784
0.02457161207871791,0.9754283879214819
3.742798254090368e-29,1.0
0.0021170728520282568,0.9978829271479699
0.002856863551942644,0.9971431364481027
0.0028115904855199854,0.9971884095146517
0.002260424736817922,0.9977395752630539
0.0006826828461459442,0.9993173171538664
0.00022767430845253462,0.9997723256917592
5.594493464622512e-13,0.9999999999995453
0.00024323362998062098,0.99975676637019
0.001524134252155447,0.9984758657476387
0.0017694435061649952,0.9982305564938347
0.0015447238514758102,0.9984552761487057
0.00033055629880291175,0.9996694437010466
0.0009956229682209538,0.9990043770319348
0.0010375742792846914,0.9989624257205275
0.0007312676376141438,0.9992687323625582
0.00052652824723539,0.9994734717528635
0.00039178759880781415,0.9996082124013835
4.2259291004624236e-08,0.9999999577407843
5.114057368711976e-06,0.9999948859425587
1.9109641728908756e-10,0.9999999998090061
3.6136175795285002e-06,0.9999963863826259
6.298502317164189e-05,0.9999370149767266
2.4082480866659074e-05,0.9999759175192091
0.00011093683320704943,0.999889063166697
3.01405295262576e-07,0.9999996985948655
0.0001395284230956432,0.9998604715767591
0.00028795416951682824,0.9997120458303357
0.0002163296618423314,0.9997836703382481
8.939910165681414e-06,0.9999910600899401
1.0025706464319275e-09,0.9999999989972821
1.712184259082994e-06,0.9999982878158441
5.367614324250978e-10,0.9999999994633981
9.453871691271759e-08,0.9999999054612134
8.787364161765955e-05,0.9999121263584497
2.251816948153856e-09,0.9999999977480911
0.00045963172901657633,0.999540368270794
0.0028030589466465916,0.9971969410535125
0.0036335463012729,0.9963664536985953
0.00351780776404207,0.9964821922359554
0.0027997332213914286,0.9972002667786248
0.0016161309505251774,0.9983838690493431
0.0034982613178914934,0.9965017386822699
0.004092814467090371,0.9959071855326997
0.005408440359231518,0.9945915596409491
0.005655071831903278,0.9943449281682145
0.005153423715615994,0.994846576284478
0.0034244671183827654,0.9965755328816278
0.0001251661016642893,0.9998748338985
0.00023077260330081617,0.9997692273966984
0.00025949497280807843,0.9997405050272983
0.0001100076368749756,0.9998899923629843
3.5252863677317697e-16,1.0
1.0719879531230424e-09,0.9999999989281605
4.666381687351181e-05,0.9999533361830226
8.906660492615779e-12,0.999999999990905
4.258473208478913e-06,0.9999957415265904
1.0479549900146957e-05,0.9999895204499581
4.7216369801014935e-11,0.9999999999527063
0.00028377819560229976,0.9997162218044181
0.001545811175276878,0.9984541888248389
0.0017959581043818281,0.9982040418957383
0.0019918419944765613,0.9980081580054786
0.0016297335437807075,0.9983702664563823
3.2938605118845113e-19,1.0
0.0014425740121980564,0.9985574259878093
0.0017556534213741622,0.9982443465784859
0.0015635571679348443,0.9984364428320814
0.00044349544088368803,0.9995565045591918
2.9981113104216032e-05,0.9999700188870223
0.0001019930015983404,0.9998980069983768
8.067354576090875e-05,0.9999193264544599
0.0001139828080375248,0.9998860171917974
1.1936616757637538e-06,0.9999988063384838
2.8941777569769866e-05,0.9999710582223987
1.4869208936913093e-08,0.9999999851306712
5.396469064462787e-09,0.9999999946035132
4.154255346127021e-09,0.999999995845883
8.520939785634422e-06,0.9999914790600233
7.572730548147832e-09,0.9999999924270924
9.542898173122619e-06,0.9999904571018895
4.053539938650648e-08,0.9999999594647314
7.135941224193051e-10,0.9999999992865014
1.5922370162758045e-06,0.9999984077629904
4.993456149478342e-06,0.9999950065436751
1.767897806272283e-08,0.9999999823212421
1.4584707909995979e-08,0.9999999854153431
8.100094302088682e-10,0.999999999190095
6.200134272754938e-05,0.9999379986574606
0.00010486771027776751,0.9998951322897642
3.7569203393581734e-05,0.9999624307965583
1.1914278302306018e-11,0.9999999999881766
3.297329068132444e-08,0.9999999670267249
8.123131347710871e-09,0.9999999918768481
6.36818041422015e-05,0.9999363181960317
5.319529332683596e-07,0.9999994680471496
9.373750022077141e-06,0.9999906262499333
9.490379965655675e-07,0.9999990509618284
1.4029834416613213e-06,0.999998597016731
5.8446360580933486e-15,1.0
6.024504252174251e-06,0.9999939754956843
1.227753199859711e-11,0.9999999999877218
0.00018644812781188472,0.9998135518721798
0.00023557474494766947,0.9997644252550747
4.013925744178291e-05,0.999959860742609
5.103349747155111e-06,0.9999948966504398
2.3146635011683687e-06,0.9999976853363891
2.2960530579086668e-05,0.9999770394695843
7.537454211713219e-05,0.9999246254578762
0.00013885179538023428,0.9998611482048317
1.0709377358467864e-07,0.9999998929060951
2.6700053546574616e-05,0.9999732999462357
9.417171362740858e-05,0.9999058282862389
0.0002573688116362193,0.9997426311882578
0.00027151670304112507,0.9997284832971326
1.029509467841113e-06,0.9999989704907263
6.8602194568653325e-06,0.999993139780484
3.623035979928396e-07,0.9999996376964847
9.45192317271893e-06,0.999990548076871
1.3259428339034542e-07,0.9999998674056857
0.0005059665876195902,0.9994940334124129
0.0005847153564927894,0.9994152846433654
0.00036972926610441363,0.9996302707340876
0.00040540310742116184,0.9995945968923647
7.868200232319729e-05,0.9999213179977582
5.535351252792833e-06,0.9999944646486661
9.70749141629012e-09,0.9999999902925083
4.108529699420354e-05,0.9999589147028147
4.1475494474811395e-09,0.9999999958522494
4.732547890455508e-05,0.9999526745212529
6.530580366898589e-05,0.9999346941965332
1.3128698746030444e-10,0.999999999868578
0.0008102680027507028,0.9991897319974672
0.0011800224220434518,0.9988199775778702
0.001137149822942035,0.9988628501768979
0.0009292661705779171,0.9990707338293152
1.2550770929838852e-08,0.999999987449428
0.003952490669106486,0.9960475093310277
0.007992921093671976,0.9920070789065455
0.00912055720229245,0.9908794427976568
0.008886461530837844,0.9911135384691397
0.007613615687381741,0.9923863843126122
0.0034494804073495144,0.9965505195927554
1.502698449484602e-06,0.9999984973016958
1.6473505982899332e-10,0.9999999998353815
4.4337147064674335e-05,0.9999556628529103
4.222027742800957e-05,0.9999577797225319
4.190873633960803e-06,0.9999958091263176
4.395152668597352e-05,0.9999560484734635
7.153862129795417e-12,0.999999999992724
0.0012888468590068313,0.998711153141104
0.0015564095343910342,0.9984435904655251
0.0012455052696160207,0.9987544947306113
9.716906858861723e-06,0.9999902830931272
4.765733783768536e-10,0.9999999995234248
0.00020386667000226423,0.999796133330026
0.00024334914685513118,0.9997566508533656
3.60292803059163e-06,0.9999963970718786
7.387709219526421e-07,0.9999992612290953
4.99027039168935e-08,0.9999999500973912
4.461327359316269e-05,0.9999553867262292
8.336639378999934e-07,0.9999991663361307
3.534880675890738e-14,1.0
9.621008402494498e-14,1.0
8.570845588305068e-05,0.9999142915441586
0.04573271973174336,0.9542672802684727
0.07945961257787974,0.9205403874220731
0.2046216145058596,0.7953783854941417
0.3323961762749122,0.6676038237251111
0.7474029638789383,0.25259703612102336
0.9071822141869554,0.09281778581311322
0.9543970821476188,0.045602917852192185
0.9818722192930469,0.018127780707047902
0.9927120094790232,0.007287990521167271
0.9961620678059696,0.003837932194218335
0.9971364813208183,0.002863518679065893
0.9989759665638942,0.0010240334359485005
0.999589658966747,0.00041034103342307214
0.9998322909148978,0.00016770908493940454
0.9998923199281081,0.00010768007184796329
0.9999455325783126,5.4467421911220207e-05
0.9999678847712163,3.211522891851877e-05
0.9999763951544287,2.3604845729770737e-05
0.9999766451295445,2.3354870642315035e-05
0.9999686006126717,3.13993873161244e-05
0.9999699220705807,3.007792945780889e-05
0.9999626770052893,3.7322994935705464e-05
0.9999544598678541,4.554013204416798e-05
0.9999701111788722,2.988882123415612e-05
0.9999776915588874,2.230844130779257e-05
0.9999805502970688,1.9449702940102986e-05
0.9999782155758989,2.178442396593039e-05
0.9999772644193188,2.2735580475941242e-05
0.9999796281701111,2.037182995116218e-05
0.9999757036421517,2.4296357655962683e-05
0.9999738331202275,2.616687971166836e-05
0.9999722622955952,2.7737704256730406e-05
0.9999775219887618,2.2478011249423323e-05
0.999973099230682,2.6900769194429966e-05
0.9999569247753128,4.307522482222074e-05
0.999973980620503,2.6019379630747363e-05
0.9999802671059758,1.973289412797819e-05
0.9999822268524999,1.7773147676474623e-05
0.999981617717612,1.8382282484826012e-05
0.999977473001751,2.2526998128592874e-05
0.9999660180909413,3.3981908995169844e-05
0.9999721640856293,2.783591443785826e-05
0.9999725002269347,2.7499773182093215e-05
0.9999605627672783,3.9437232910188805e-05
0.9999606497365566,3.9350263230661926e-05
0.9999309635116124,6.903648845103218e-05
0.9999066161007913,9.338389922686339e-05
0.9999546369979933,4.536300201750251e-05
0.9999736310558215,2.6368943969988516e-05
0.9999765620923473,2.3437907699607185e-05
0.9999801262052994,1.987379490670162e-05
0.9999814030435424,1.859695637026514e-05
0.9999803049870475,1.9695013013221357e-05
0.9999783366311067,2.1663369086902465e-05
0.9999695211915517,3.0478808258099733e-05
0.9999622893681798,3.771063200225506e-05
0.9999709338266858,2.9066173239611515e-05
0.9999637009176592,3.6299082279157716e-05
0.9999261553234519,7.384467655049505e-05
0.999833162371526,0.00016683762856891103
0.9998750108890397,0.0001249891107497199
0.999906799053592,9.320094624454118e-05
0.9999487379806803,5.1262019290928967e-05
0.999963752210845,3.624778919818418e-05
0.9999731096250173,2.6890374955535162e-05
0.9999756497827309,2.4350217222849092e-05
0.9999727609901186,2.723901003123673e-05
0.9999528705990499,4.712940107379072e-05
0.9999672480978269,3.27519021760428e-05
0.999974004451373,2.5995548765020754e-05
0.9999663948159266,3.3605184079178415e-05
0.999961012516145,3.898748386006642e-05
0.9999739328628158,2.606713740676225e-05
0.999972778962154,2.7221037638905755e-05
0.9999728603056038,2.713969453278173e-05
0.9999617684112068,3.8231588617627154e-05
0.9999572423408625,4.275765912354263e-05
0.9999160835260074,8.391647379188055e-05
0.9999212212274106,7.877877252202288e-05
0.9999569670850037,4.3032914777996256e-05
0.9999589730149471,4.1026985135366013e-05
0.9999718560206572,2.814397920049885e-05
0.9999783787625369,2.162123731489614e-05
0.9999799796417875,2.0020358207674715e-05
0.9999759899437138,2.4010056068085256e-05
0.9999766715579341,2.332844199724057e-05
0.9999683247120581,3.167528772091748e-05
0.9999714955617371,2.8504438145860203e-05
0.9999565780222629,4.342197783533501e-05
0.9999727908284631,2.720917170890947e-05
0.9999724624803055,2.7537519514904922e-05
0.9999557489636922,4.425103624756892e-05
0.9999476568844098,5.234311569729764e-05
0.9999689729540919,3.102704592253158e-05
0.9999778923253841,2.210767442729166e-05
0.9999796503281341,2.0349671744829074e-05
0.9999751829633098,2.4817036554845722e-05
0.9999565861941728,4.34138057455159e-05
0.9999708939487767,2.9106051381800486e-05
0.9999664240843019,3.3575915849754524e-05
0.9999697132764535,3.0286723504937867e-05
0.9999534201663953,4.657983338237887e-05
0.9999441734848302,5.5826514989109554e-05
0.9999670244436044,3.29755565638006e-05
0.9999737364366541,2.6263563201162098e-05
0.9999788564516817,2.114354833168735e-05
0.9999772138566569,2.2786143440822332e-05
0.9999793849866708,2.061501312593802e-05
0.9999773265482197,2.2673451617799233e-05
0.9999766317898426,2.3368210314414613e-05
0.9999713278438855,2.8672156183785285e-05
0.9999615479240392,3.84520760540821e-05
0.9999621168812985,3.788311885518866e-05
0.9999722814199195,2.7718580161064685e-05
0.9999752673123061,2.473268749121509e-05
0.9999656081083843,3.4391891439453216e-05
0.9999455472244724,5.44527754945194e-05
0.9998802285553996,0.00011977144463916452
0.9997001124341569,0.0002998875660681148
0.9997885387654302,0.00021146123458875196
0.9998352096892857,0.00016479031086627337
0.9998109558550629,0.00018904414472929948
0.9996234521499958,0.00037654785018227275
0.9997808406806817,0.00021915931940252165
0.999854035808755,0.00014596419136321293
0.999831372212835,0.00016862778703202852
0.9998802371741032,0.00011976282573668917
0.999874483118534,0.00012551688132468592
0.9997841471255599,0.00021585287426835893
0.9998914710011299,0.0001085289988654422
0.9999138466180236,8.61533820400149e-05
0.9999590874547051,4.091254537738472e-05
0.9999709629851483,2.9037015068424546e-05
0.9999773621814148,2.263781838082418e-05
0.9999752677920527,2.473220806701896e-05
0.999979597129235,2.0402870927288183e-05
0.9999820597394706,1.7940260455826175e-05
0.9999831795626438,1.682043717681821e-05
0.9999833240189058,1.6675981250994116e-05
0.9999825961617893,1.7403838020969654e-05
0.9999797713903366,2.022860958248362e-05
0.9999811506648524,1.8849335351450807e-05
0.9999783036680954,2.1696331832862763e-05
0.9999694808612392,3.0519138538990085e-05
0.999960391945459,3.9608054427826914e-05
0.9999561867610665,4.381323880003913e-05
0.9999618484673298,3.815153278045028e-05
0.9999645401747137,3.5459825356067136e-05
0.9999521208531473,4.7879146917564865e-05
0.9999714479806056,2.8552019450650404e-05
0.9999729343414682,2.7065658520759297e-05
0.9999589912050044,4.1008795188839876e-05
0.9999105813685129,8.941863162331835e-05
0.9999545690763746,4.543092361728986e-05
0.999964816514463,3.518348537571662e-05
0.9999766757092259,2.332429074484373e-05
0.9999803683020951,1.9631698003558472e-05
0.9999788045224526,2.1195477462314853e-05
0.9999752791859206,2.4720814144562673e-05
0.9999592656256288,4.073437449491804e-05
0.9999043989567746,9.560104319513452e-05
0.9999528079882948,4.719201153133756e-05
0.9999715162612467,2.8483738861024126e-05
0.9999779442550206,2.2055745156393368e-05
0.9999784968928923,2.1503107145682996e-05
0.9999793663201317,2.063367986301656e-05
0.99997853145886,2.1468541146154564e-05
0.999973406718978,2.659328124363111e-05
0.9999763832321442,2.3616768061949215e-05
0.9999782414400009,2.1758560223718755e-05
0.999976773905538,2.322609455295809e-05
0.9999656269310941,3.437306869994481e-05
0.9999747094135613,2.5290586620830193e-05
0.9999740076986393,2.5992301413236446e-05
0.9999581516147439,4.184838535345328e-05
0.999922173122792,7.782687699480334e-05
0.9999378255622628,6.217443753809905e-05
0.999969096335051,3.090366479224915e-05
0.9999766595292379,2.3340470728643985e-05
0.9999733285136114,2.6671486294079606e-05
0.9999597776749745,4.022232511220108e-05
0.999951290149893,4.870985020787295e-05
0.9999599070617706,4.009293823171907e-05
0.9999462318814102,5.376811877063875e-05
0.9999291400240774,7.08599760326502e-05
0.9998391692068325,0.0001608307930195003
0.9996630941771817,0.00033690582297524657
0.9997889099636441,0.00021109003655019623
0.999918265088942,8.173491087202479e-05
0.9999511923166805,4.8807683353207816e-05
0.9999636841717412,3.631582829883327e-05
0.9999515957220912,4.840427809447221e-05
0.999892292414764,0.00010770758539450603
0.9996886355326751,0.0003113644671052693
0.9995515048438439,0.0004484951560725731
0.999233154461688,0.0007668455384194672
0.9981580569291829,0.0018419430707063895
0.9952582927241014,0.004741707275675849
0.9857545496127983,0.014245450387337578
0.966789222124056,0.03321077787596132
0.9052312762296417,0.09476872377023032
0.6989532966076651,0.3010467033924244
5.610796076865832e-05,0.9999438920392575
0.00013389316302045282,0.9998661068371445
8.951877896497786e-11,0.9999999999104148
3.670731204870454e-08,0.9999999632927945
2.445213473391841e-06,0.999997554786466
0.0001356906818988782,0.9998643093181258
0.000295026128871829,0.9997049738712018
0.00023545333372876345,0.9997645466662992
0.0005300357935281251,0.9994699642064588
0.0004547577515835845,0.9995452422486033
1.6364536776071264e-06,0.9999983635461579
6.719107575979277e-05,0.9999328089243692
9.954700952731366e-08,0.9999999004530814
7.3499865422496685e-06,0.9999926500133363
0.0002009656780962254,0.9997990343218364
0.00022662175185778348,0.9997733782482152
3.6504915731465964e-11,0.9999999999636202
7.516252531506212e-05,0.9999248374746903
6.758077344622614e-06,0.9999932419228648
3.7268553879820495e-08,0.9999999627316363
2.5691053090272704e-06,0.9999974308944989
8.923897604212238e-05,0.9999107610240509
1.1723995085342652e-05,0.9999882760049019
3.018087617312269e-05,0.9999698191238845
0.00010784116257983858,0.9998921588375778
8.901835615094647e-11,0.9999999999108695
1.2832712319367089e-05,0.9999871672876304
2.282856737750695e-08,0.9999999771712285
1.6062565009190288e-17,1.0
0.00032444729908864866,0.9996755527009948
0.0003015659050767472,0.9996984340950295
2.9880397576485354e-08,0.9999999701194615
0.00032679892361269793,0.9996732010762218
0.0003196601684722732,0.9996803398316528
9.263769337942289e-05,0.999907362306798
2.4406862909949643e-09,0.999999997559371
1.0109030179713263e-06,0.9999989890971499
4.649563268096093e-09,0.9999999953506631
3.7093169550808393e-07,0.9999996290681117
3.31714434989511e-05,0.9999668285562932
0.00021278072119037067,0.9997872192789828
0.00018715400314407168,0.999812845996977
4.047808446712175e-06,0.9999959521915186
5.146781531927303e-05,0.9999485321848788
1.4571423759085044e-12,0.9999999999986358
2.792123599569961e-06,0.9999972078765367
0.0005711075140280449,0.9994288924860856
0.0008435496523848813,0.9991564503476956
0.0006727285688309336,0.9993272714311203
4.818952838382937e-09,0.9999999951810423
1.6484624390569173e-05,0.999983515375692
1.6171180402736487e-07,0.9999998382882171
5.3664161079779574e-05,0.9999463358388008
9.730109182168735e-05,0.9999026989081833
7.760877961774331e-05,0.9999223912204053
3.980923999818474e-06,0.9999960190759452
8.920166018985607e-05,0.9999107983400173
0.00026879721533257684,0.9997312027845011
0.0003222087159301976,0.9996777912838871
5.1190829127879624e-05,0.9999488091709143
0.000177489369802723,0.9998225106303098
0.0003681389544600591,0.9996318610457424
0.00030826929896611056,0.9996917307012267
3.7809800209359183e-07,0.9999996219022056
7.4052402378305234e-06,0.9999925947596671
3.368634305131791e-05,0.9999663136571691
0.0001046295005412255,0.9998953704996706
8.381804899128633e-13,0.9999999999990905
1.241995854483178e-05,0.9999875800415825
6.883877730743677e-05,0.9999311612225846
5.180737810029575e-15,1.0
1.0896050330832831e-05,0.999989103949492
1.8421707753081172e-11,0.9999999999813554
1.1703663103826861e-06,0.9999988296337988
4.013299560735152e-07,0.9999995986700819
5.979502156899275e-16,1.0
9.372884192846948e-05,0.9999062711580876
1.7589745969162046e-05,0.9999824102538659
1.7606244462159676e-09,0.9999999982392183
1.3128883194619004e-06,0.9999986871116086
8.125266176126578e-06,0.9999918747337643
8.18929446286666e-11,0.9999999999181455
0.00011952943295444919,0.9998804705670811
3.979261577606477e-05,0.9999602073840244
1.0307998344006153e-05,0.9999896920016133
7.292244306057432e-07,0.9999992707755995
2.7970201721504133e-05,0.9999720297983911
3.500836661930442e-07,0.9999996499164512
1.564835129813759e-06,0.9999984351646583
7.714341034330859e-07,0.999999228565982
0.0004638901251049409,0.9995361098747514
0.0005321378337301469,0.9994678621664873
0.0004965879845164393,0.9995034120156346
0.0009070027847323321,0.9990929972154847
0.0008598432267582317,0.9991401567734206
0.000691615461396424,0.9993083845384526
7.859618476657647e-15,1.0
9.177966034573118e-05,0.9999082203395617
1.426208625750598e-08,0.999999985737759
6.238100181314436e-06,0.9999937618998894
3.2218562537809055e-05,0.9999677814372976
0.00017945309977090475,0.9998205469002032
0.0005030194558306022,0.9994969805439675
0.0004383718123449982,0.9995616281875075
0.0003927294945624728,0.9996072705053805
1.4108844600906189e-09,0.999999998588919
6.509171511750565e-11,0.9999999999349711
5.4728938335710976e-11,0.9999999999454303
5.600053353239096e-05,0.9999439994663876
1.2404005184508479e-09,0.9999999987594492
1.5175621005427082e-07,0.9999998482439993
0.00013321729733674196,0.9998667827028835
0.00024130618614263526,0.9997586938140589
8.602594392772593e-05,0.9999139740559084
7.096042199798405e-11,0.9999999999290594
1.0464585534449257e-07,0.9999998953539998
0.05066658632177949,0.9493334136781234
0.6878218381792561,0.31217816182066555
0.8820858934364322,0.1179141065637927
0.963553712144503,0.0364462878557106
0.9888994822496314,0.01110051775016238
0.9963834251545165,0.0036165748452927533
0.9986849718175349,0.0013150281826816348
0.9995647138732031,0.0004352861267131933
0.9998426495212037,0.00015735047876549657
0.9999194684756161,8.053152449356772e-05
0.9999600201901967,3.997980995165832e-05
0.9999658247225868,3.417527722593178e-05
0.9999561726190436,4.382738115318885e-05
0.9999741977844757,2.5802215627374898e-05
0.999977550585816,2.244941408479902e-05
0.9999729196685326,2.7080331645283926e-05
0.9999507634431966,4.9236556718661684e-05
0.9999605339588059,3.9466041336407e-05
0.9999634523504425,3.654764951721131e-05
0.9999702991399061,2.970086026165853e-05
0.9999738867771932,2.6113222725552108e-05
0.9999743719350449,2.5628064759681632e-05
0.9999780643825312,2.193561759412809e-05
0.9999728112469733,2.7188753168478852e-05
0.9999658924526185,3.410754737734933e-05
0.9999750377820104,2.4962218199202036e-05
0.9999752144801575,2.478551976312346e-05
0.9999668150484713,3.31849514348298e-05
0.9999511721478012,4.88278521316596e-05
0.9999653505001747,3.4649499883429836e-05
0.9999613785094403,3.862149037405976e-05
0.9999394773738735,6.052262601414323e-05
0.9999560224021251,4.397759778328306e-05
0.9999716816304263,2.831836978571388e-05
0.9999778721855241,2.2127814560868782e-05
0.9999816412157949,1.835878413104377e-05
0.9999823764567284,1.7623543243486203e-05
0.9999819899688388,1.801003115678969e-05
0.9999793882098535,2.061179013437873e-05
0.9999790587840746,2.0941215839170913e-05
0.9999810929812398,1.8907018649983386e-05
0.9999804068166214,1.959318324100998e-05
0.9999741513750691,2.5848624924389943e-05
0.9999775458970214,2.245410290313736e-05
0.9999712099094581,2.879009056532332e-05
0.9999629785265899,3.7021473486045805e-05
0.9999665463985996,3.34536012060443e-05
0.9999466952173239,5.330478263363242e-05
0.9999593968944815,4.0603105368411307e-05
0.9999457146187847,5.4285381196972784e-05
0.9998891704410696,0.0001108295587691485
0.9996976962647419,0.000302303735403356
0.9990767730295333,0.0009232269706597957
0.9970431264194489,0.002956873580417396
0.998791920483899,0.001208079516286146
0.9993966921636719,0.0006033078364111413
0.9995416380971643,0.0004583619030396916
0.9998213951172477,0.00017860488276646072
0.9999274830912708,7.251690889892313e-05
0.9999666719669759,3.332803290014619e-05
0.9999776110121988,2.2388987779967873e-05
0.9999815750758282,1.8424924248548628e-05
0.9999822789383371,1.7721061535106233e-05
0.9999830461661253,1.6953833955555483e-05
0.999983129511265,1.687048894671756e-05
0.999982037489537,1.7962510553588097e-05
0.9999789230362022,2.1076963788652994e-05
0.9999684693671662,3.1530632834653066e-05
0.9999713669092016,2.8633090729641856e-05
0.9999704062515594,2.959374859999914e-05
0.999967777653012,3.2222346877531274e-05
0.9999594233528822,4.057664702072637e-05
0.9999645179720071,3.548202818221474e-05
0.9999695771997131,3.04228003102039e-05
0.9999585288810756,4.14711189064392e-05
0.9999494082077615,5.05917921111537e-05
0.9999007110755077,9.928892428953063e-05
0.9999380843970348,6.191560285483203e-05
0.9999576433850373,4.235661486512704e-05
0.9999437842183498,5.621578175884295e-05
0.9999169444927657,8.305550717107576e-05
0.999852717951376,0.00014728204860073847
0.9997148975312726,0.0002851024685210632
0.9994292927916083,0.0005707072082720776
0.998970514254229,0.001029485745565992
0.9984987750213848,0.0015012249786794086
0.9980427970257296,0.00195720297442599
0.9985776051001269,0.001422394899902012
0.9987272970091331,0.001272702990969974
0.9992437582780431,0.0007562417218361834
0.9993269082506848,0.000673091749280351
0.9995446135046747,0.00045538649524580444
0.9996010142774113,0.0003989857224583862
0.9998534183426346,0.00014658165747103469
0.9999240477991928,7.595220100449284e-05
0.9999249667191874,7.503328073437997e-05
0.9999615491636328,3.845083646573484e-05
0.9999661104256217,3.388957452752139e-05
0.9999458180172673,5.418198288301644e-05
0.9999668358183675,3.316418182707382e-05
0.9999639929872303,3.6007012665326954e-05
0.9999659458476874,3.40541524451301e-05
0.9999481030442487,5.189695592001255e-05
0.9998758277886215,0.00012417221116780376
0.9998828058489327,0.00011719415117970733
0.9999265056049907,7.349439478717514e-05
0.9999566841602389,4.3315839543311994e-05
0.9999643064383438,3.569356177119169e-05
0.9999707368395165,2.9263160686945565e-05
0.9999735142993416,2.6485700526803962e-05
0.999961590368071,3.8409631807389824e-05
0.9999685644409301,3.143555921801606e-05
0.9999558803098416,4.4119690198030404e-05
0.9999662822124497,3.37177873552259e-05
0.9999628693853606,3.713061468356374e-05
0.9999622929764639,3.770702364624366e-05
0.9999743370972891,2.5662902504613085e-05
0.9999720135193461,2.79864806103273e-05
0.9999709501329972,2.9049866907690482e-05
0.9999660971142537,3.390288595194019e-05
0.9999747786975725,2.5221302232991883e-05
0.9999755099781646,2.449002165476076e-05
0.9999644003134952,3.559968636486442e-05
0.9999223788790653,7.762112085587902e-05
0.9999504725238508,4.952747636149499e-05
0.9999680997156782,3.190028437630876e-05
0.9999634169983118,3.6583001641727565e-05
0.9999626476679047,3.735233204203804e-05
0.9999753608742639,2.463912576847711e-05
0.9999758740059388,2.412599396119584e-05
0.9999726797862803,2.7320213508888354e-05
0.9999519485467272,4.8051453095587875e-05
0.9999643072777774,3.5692722360895e-05
0.9999676374311924,3.236256865728869e-05
0.9999510642638112,4.8935736323893735e-05
0.9999416420576821,5.8357942110851575e-05
0.9999662268774762,3.3773122672737755e-05
0.999977503722881,2.2496276909534463e-05
0.9999786310991463,2.1368900906570715e-05
0.999978217855043,2.178214473086861e-05
0.9999699102775177,3.0089722521050794e-05
0.9999738634247078,2.6136575111025604e-05
0.9999701802429285,2.9819757287651174e-05
0.9999536417904052,4.6358209398772985e-05
0.9999737537111429,2.6246288835749666e-05
0.999979312558737,2.0687441340533926e-05
0.9999777180323237,2.2281967559664722e-05
0.9999662336943634,3.37663055970247e-05
0.9999569598539225,4.304014597190395e-05
0.9999609187349859,3.90812651526028e-05
0.9999633207668385,3.6679233282312994e-05
0.9999704130557427,2.9586944116000874e-05
0.9999771890148302,2.281098514072415e-05
0.9999759721721595,2.4027827627671832e-05
0.999974360378392,2.5639621507341333e-05
0.9999600543981085,3.994560179929691e-05
0.9999647888586121,3.521114150892145e-05
0.9999731352602554,2.686473987091039e-05
0.9999660352538875,3.396474628562762e-05
0.999975554017549,2.4445982510190065e-05
0.9999805967927179,1.94032073865076e-05
0.9999804893943972,1.9510605418033913e-05
0.9999819675797564,1.803242022348083e-05
0.9999806618658033,1.9338134286318166e-05
0.9999742506283937,2.5749371620866994e-05
0.9999727502842933,2.7249715865295657e-05
0.999976551886237,2.344811377258391e-05
0.9999793869634168,2.0613036587848986e-05
0.9999787765101551,2.1223489799057944e-05
0.99997412692621,2.5873073692019664e-05
0.9999537810876226,4.621891240963587e-05
0.9999043747528876,9.562524715237709e-05
0.9997339562089417,0.00026604379114206575
0.9998473556682026,0.0001526443319996047
0.999838520217347,0.00016147978281283912
0.9997188439744019,0.00028115602570358993
0.9995968679221228,0.0004031320780541626
0.9990959866040773,0.0009040133957120416
0.9980435279495922,0.00195647205049573
0.9946129876187239,0.005387012381395857
0.9829792801173233,0.017020719882580453
0.9668662041764687,0.03313379582365989
0.9123495830361923,0.0876504169640235
0.738689888367264,0.26131011163275547
0.38426579526921406,0.6157342047308054
4.904277021904061e-09,0.9999999950955498
1.0982333973091169e-08,0.9999999890178516
0.0006837461543272289,0.9993162538456987
0.0009428066685682608,0.9990571933314997
0.0007887127480657448,0.9992112872517415
3.969974951881533e-05,0.9999603002506562
0.000298629875463588,0.9997013701244012
0.00025743817625330196,0.9997425618239495
7.346948617185974e-09,0.9999999926531018
3.980419438083302e-05,0.9999601958057082
2.741150091086334e-07,0.9999997258851556
2.4403959986883257e-06,0.9999975596040477
3.0955831972967945e-08,0.999999969043984
0.00016406669836089536,0.999835933301602
9.373551173336945e-05,0.9999062644884786
1.4530587383437672e-06,0.9999985469413885
2.804834398657649e-06,0.9999971951654743
2.9432549947432932e-05,0.9999705674501902
1.1589634261703495e-06,0.9999988410365753
3.553459152908065e-11,0.9999999999645297
6.052046124838767e-13,0.9999999999995453
7.163731662502556e-05,0.9999283626834126
4.972089208839059e-06,0.9999950279107824
5.1511791659183343e-11,0.9999999999486135
9.158833392884531e-05,0.9999084116660614
9.094185135636192e-14,1.0
1.491168802589963e-08,0.9999999850883797
0.0001476831202777789,0.9998523168797165
8.655684377755273e-05,0.999913443155998
0.00014756608278774605,0.999852433917133
0.00038060504454926587,0.9996193949554708
0.00037919357774956634,0.9996208064223091
0.00035265036642331365,0.9996473496334737
2.5294330689319484e-06,0.9999974705670114
4.8628529326489164e-05,0.9999513714706776
5.309675377112245e-06,0.9999946903244555
0.00014880670985384142,0.9998511932901155
0.00012106899233206064,0.9998789310077943
0.00010218786619275626,0.9998978121340216
1.3910915854652022e-09,0.9999999986089279
0.0015778405709159294,0.998422159429036
0.002194957888906068,0.9978050421111928
0.002401360833602619,0.9975986391662837
0.0019113436546755863,0.9980886563451005
2.1792038417547105e-16,1.0
9.383009031520176e-05,0.9999061699099003
0.00031343731111439067,0.9996865626889486
0.0003503394003619821,0.9996496605995393
4.672985418411702e-05,0.9999532701458773
5.374411537826335e-05,0.9999462558844134
8.691574497216037e-05,0.9999130842550464
1.0552774325574507e-05,0.9999894472254908
4.55801952120912e-05,0.999954419804619
3.2847571253202544e-05,0.9999671524289434
3.15007752097579e-06,0.9999968499223134
5.419141855995387e-07,0.9999994580859143
2.216928068252117e-06,0.9999977830718325
5.3829333992900586e-05,0.9999461706661605
2.6058879449345108e-05,0.9999739411203578
2.6667101244697786e-05,0.9999733328986232
0.0003042113294512312,0.9996957886707747
0.0003270240582858025,0.9996729759416765
1.3847194468477708e-06,0.9999986152807233
0.0002991516586752452,0.9997008483414035
0.0002697973475923945,0.9997302026524808
2.694462757148402e-08,0.9999999730553103
3.65181017068831e-05,0.999963481898391
1.4551182486381779e-06,0.9999985448818407
2.96800715748982e-06,0.9999970319930461
7.780926957472787e-05,0.9999221907306033
5.014613705479165e-16,1.0
0.00030624048508113124,0.9996937595150548
0.0004373499371701889,0.9995626500628487
0.0003099160379611589,0.9996900839622244
0.00012974235669648636,0.999870257643473
0.00012024218611512634,0.9998797578137851
3.3274833941246845e-06,0.9999966725163968
3.375915812276082e-32,1.0
5.860691991052188e-06,0.9999941393078943
1.604482490858214e-07,0.9999998395519598
1.2099561044666974e-08,0.9999999879005373
1.4233834301822743e-06,0.9999985766167936
4.7893644498965915e-06,0.9999952106355616
3.6393852508380924e-06,0.9999963606149155
8.075406452318732e-07,0.9999991924595256
0.0002119727896231812,0.9997880272102287
0.00016324548761728405,0.999836754512295
6.385115357250284e-05,0.9999361488466395
1.88834447688396e-05,0.9999811165553518
6.921829619576522e-05,0.9999307817039121
8.940001970898963e-05,0.9999105999801124
0.00013196996689583085,0.9998680300331483
6.965355378153163e-15,1.0
0.00012881636161639326,0.9998711836385535
0.00011323735275443408,0.9998867626471883
8.294706317941979e-05,0.9999170529369145
0.00015164524615718744,0.999848354753901
4.135664542553875e-13,0.9999999999995453
1.1852243748371087e-07,0.9999998814773859
0.0003959145301959161,0.9996040854698997
0.00047867474935627387,0.9995213252504941
0.00037494217342689314,0.99962505782641
2.6801041382685564e-06,0.9999973198959641
0.00010932166921649803,0.9998906783309718
0.00010034309579891173,0.9998996569040327
6.842803370020245e-05,0.9999315719663098
5.667475169337411e-09,0.9999999943324838
3.465270015185442e-11,0.9999999999654392
8.553050862284177e-11,0.9999999999145075
9.925448934478507e-05,0.9999007455105605
9.224679013061384e-06,0.9999907753210951
0.001742116312383173,0.9982578836878271
0.002143318938294493,0.9978566810618807
0.0024004642825900127,0.997599535717566
0.0019413509944525196,0.9980586490057402
3.152619400544739e-07,0.9999996847382633
0.00012296875319421413,0.9998770312469896
0.00042335993822327695,0.9995766400616535
0.0004393198686907285,0.9995606801312792
5.405695364311499e-05,0.9999459430464678
6.108700642515962e-05,0.9999389129935159
5.901556531629537e-05,0.9999409844347475
1.3861369651862142e-12,0.9999999999986358
2.1757999573616332e-07,0.9999997824197872
8.254534907191648e-05,0.9999174546511279
1.1152573434398972e-11,0.9999999999886313
0.00014356903335970765,0.9998564309664185
8.67832773737172e-05,0.9999132167228126
1.2773875499841922e-06,0.999998722612324
1.2324979044936028e-09,0.9999999987676347
1.7937532363096327e-13,1.0
3.6143390712895146e-05,0.9999638566093271
2.2224614705210137e-05,0.9999777753851475
5.134377171029565e-07,0.9999994865621783
1.1776757599168452e-06,0.9999988223241985
2.0752054663280647e-05,0.9999792479454794
7.863584079954479e-08,0.9999999213641817
8.86463389679297e-06,0.9999911353663274
2.4153965694226554e-05,0.999975846034195
1.8212993607284308e-05,0.9999817870064939
1.8165413698010002e-06,0.9999981834587871
3.7164080364152485e-05,0.9999628359194725
4.7603348673907525e-11,0.9999999999522515
