timestamp,open,high,low,close,volume
2025-08-21,114276.00000000,114276.00000000,114012.39000000,114211.70000000,107.76252824
2025-08-20,112853.66000000,114627.37000000,112344.11000000,114276.00000000,5764.27605073
2025-08-19,116286.75000000,116792.87000000,112696.56000000,112856.19000000,7918.58452813
2025-08-18,117488.59000000,117633.80000000,114703.26000000,116286.76000000,6762.85366719
2025-08-17,117455.69000000,118641.60000000,117249.49000000,117488.60000000,2021.61751952
2025-08-16,117436.95000000,118028.68000000,117222.01000000,117455.68000000,1781.69438526
2025-08-15,118389.79000000,119339.57000000,116859.32000000,117436.96000000,4990.79935800
2025-08-14,123365.63000000,124533.00000000,117208.97000000,118389.79000000,10154.04939662
2025-08-13,120109.04000000,123740.24000000,118931.34000000,123365.63000000,8512.88609550
2025-08-12,118701.83000000,120327.00000000,118190.81000000,120113.18000000,4615.45835079
2025-08-11,119309.37000000,122319.14000000,118050.00000000,118701.84000000,7220.80819945
2025-08-10,116492.50000000,119324.08000000,116480.00000000,119309.37000000,2850.61404026
2025-08-09,116683.79000000,117937.89000000,116343.34000000,116492.51000000,2586.17129292
2025-08-08,117515.69000000,117687.00000000,115800.00000000,116683.79000000,4870.30424260
2025-08-07,115028.83000000,117687.00000000,114268.60000000,117515.49000000,5804.23960803
2025-08-06,114112.95000000,115749.99000000,113347.87000000,115028.83000000,4481.39474697
2025-08-05,115056.14000000,115112.75000000,112622.14000000,114112.95000000,4943.38930608
2025-08-04,114215.70000000,115756.06000000,114118.18000000,115051.85000000,4655.53866243
2025-08-03,112542.75000000,114794.99000000,111903.68000000,114215.73000000,2212.37278435
2025-08-02,113248.83000000,114023.58000000,112000.00000000,112542.74000000,2946.58111580
2025-08-01,115756.12000000,116065.12000000,112659.00000000,113248.73000000,9196.58441635
2025-07-31,117830.15000000,118920.00000000,115500.00000000,115761.13000000,4647.65213880
2025-07-30,117933.39000000,118809.43000000,115728.49000000,117830.15000000,4647.74101380
2025-07-29,118074.43000000,119284.78000000,116900.00000000,117933.39000000,6070.86335715
2025-07-28,119465.52000000,119839.00000000,117380.60000000,118070.59000000,7647.38438521
2025-07-27,117981.73000000,119800.00000000,117849.99000000,119465.52000000,4999.42180703
2025-07-26,117633.27000000,118371.35000000,117095.73000000,117969.63000000,6974.42930567
2025-07-25,117305.10000000,117706.00000000,117205.92000000,117633.27000000,336.74416551
2025-07-24,118810.44000000,119557.70000000,117190.00000000,118397.04000000,7136.43241263
2025-07-23,120034.21000000,120180.93000000,117342.21000000,118810.44000000,5526.13819924
2025-07-22,117428.79000000,120300.00000000,116185.00000000,120026.42000000,7564.58852928
2025-07-21,117315.68000000,119745.93000000,116565.01000000,117428.79000000,5450.55450292
2025-07-20,117914.17000000,118921.76000000,116525.00000000,117312.70000000,2504.59032125
2025-07-19,118023.06000000,118564.59000000,117337.59000000,117914.17000000,1700.09971980
2025-07-18,119273.70000000,120918.68000000,116892.42000000,118023.05000000,8735.40386401
2025-07-17,118681.67000000,120998.76000000,117469.00000000,119273.69000000,8360.35130892
2025-07-16,117781.63000000,120134.80000000,117033.23000000,118681.68000000,9250.98642597
2025-07-15,119863.71000000,119973.30000000,115697.37000000,117781.64000000,23726.31356081
2025-07-14,119130.81000000,123231.07000000,118949.18000000,119863.71000000,13536.79954839
2025-07-13,117472.65000000,119500.00000000,117238.69000000,119130.81000000,3461.04303140
2025-07-12,117582.16000000,118244.51000000,116940.82000000,117472.65000000,2397.72381256
2025-07-11,116031.29000000,118909.74000000,115211.74000000,117582.16000000,10116.88620600
2025-07-10,111282.84000000,116842.00000000,110541.87000000,116031.30000000,12920.20742934
2025-07-09,108953.58000000,112152.91000000,108329.87000000,111282.85000000,7683.83239574
2025-07-08,108271.49000000,109255.99000000,107438.33000000,108958.04000000,3785.39074160
2025-07-07,109217.98000000,109741.64000000,107507.00000000,108269.84000000,4455.08353019
2025-07-06,108246.66000000,109736.64000000,107837.70000000,109217.98000000,1651.18120197
2025-07-05,108028.60000000,108454.19000000,107783.10000000,108246.65000000,1513.15428554
2025-07-04,109628.83000000,109812.94000000,107268.84000000,108028.60000000,3129.21859997
2025-07-03,108887.03000000,110590.00000000,108574.31000000,109628.83000000,6434.57921608
2025-07-02,105711.77000000,109823.08000000,105119.70000000,108888.32000000,7995.79258367
2025-07-01,107173.21000000,107579.30000000,105262.00000000,105711.78000000,5152.72760186
2025-06-30,108386.44000000,108800.00000000,106724.76000000,107173.21000000,4839.04838063
2025-06-29,107352.20000000,108550.00000000,107230.00000000,108386.44000000,2154.86170312
2025-06-28,107119.17000000,107599.81000000,106868.94000000,107352.20000000,1227.76803255
2025-06-27,107029.63000000,107804.20000000,106413.79000000,107113.38000000,6310.43715745
2025-06-26,107400.22000000,108345.00000000,106605.88000000,107029.64000000,4900.22231656
2025-06-25,106141.01000000,108206.00000000,105875.00000000,107400.22000000,7072.65636297
2025-06-24,105418.40000000,106366.29000000,104681.83000000,106141.00000000,5773.20907668
2025-06-23,100996.87000000,106135.47000000,99677.07000000,105419.39000000,8910.86676597
2025-06-22,102160.36000000,103417.00000000,98225.01000000,100996.87000000,7872.25874446
2025-06-21,103317.79000000,104013.64000000,100919.19000000,102160.03000000,3287.51327489
2025-06-20,104671.40000000,106553.86000000,102357.25000000,103317.80000000,5047.63626176
2025-06-19,104915.60000000,105266.61000000,103916.37000000,104671.90000000,2279.05842007
2025-06-18,104590.44000000,105603.63000000,103512.38000000,104915.60000000,4918.14382744
2025-06-17,106853.38000000,107792.90000000,103363.30000000,104590.44000000,7688.94642443
2025-06-16,105600.21000000,109000.00000000,104982.26000000,106853.38000000,5952.98369341
2025-06-15,105465.42000000,106184.13000000,104505.05000000,105599.25000000,1722.80945227
2025-06-14,106114.53000000,106264.36000000,104351.72000000,105465.42000000,2256.48702523
2025-06-13,105716.45000000,106233.00000000,102746.01000000,106118.70000000,7441.52465913
2025-06-12,108673.77000000,108853.74000000,105706.78000000,105721.05000000,5734.67136139
2025-06-11,110300.25000000,110435.05000000,108091.74000000,108669.37000000,4603.33244460
2025-06-10,110299.69000000,110420.08000000,108362.14000000,110300.24000000,5433.67169370
2025-06-09,105784.41000000,110651.12000000,105368.27000000,110301.15000000,6581.24781856
2025-06-08,105619.02000000,106548.90000000,105028.30000000,105784.40000000,1998.61011035
2025-06-07,104398.00000000,106000.00000000,103969.70000000,105619.02000000,4141.10124271
2025-06-06,101570.20000000,105439.01000000,101132.91000000,104397.99000000,9677.25748525
2025-06-05,104753.37000000,105999.68000000,100345.73000000,101570.20000000,10627.57339852
2025-06-04,105443.95000000,106058.47000000,104202.00000000,104753.38000000,4505.03599201
2025-06-03,105909.79000000,106901.68000000,104910.01000000,105447.82000000,6486.45977780
2025-06-02,105697.93000000,106000.00000000,103685.23000000,105904.94000000,5818.90812007
2025-06-01,104645.87000000,105937.46000000,103800.81000000,105697.94000000,2369.92891564
2025-05-31,104033.00000000,104965.50000000,103110.01000000,104645.87000000,2403.60824408
2025-05-30,105572.58000000,106377.66000000,103634.48000000,104033.26000000,7866.16241154
2025-05-29,107819.26000000,108943.35000000,105315.00000000,105572.58000000,9305.58410478
2025-05-28,108978.45000000,109344.89000000,106790.16000000,107819.29000000,6474.20131287
2025-05-27,109464.33000000,110829.42000000,107536.41000000,108978.46000000,8827.06917845
2025-05-26,109048.41000000,110474.41000000,108706.04000000,109464.32000000,4641.38117417
2025-05-25,107794.01000000,109371.04000000,106632.35000000,109048.68000000,2996.99842740
2025-05-24,107332.08000000,109517.79000000,106895.77000000,107794.01000000,2611.35605460
2025-05-23,111722.54000000,111824.07000000,106800.01000000,107329.61000000,9638.23489571
2025-05-22,109697.19000000,112000.00000000,109217.23000000,111722.53000000,11250.38756124
2025-05-21,106883.24000000,110788.98000000,106128.14000000,109699.54000000,18333.91491262
2025-05-20,105616.21000000,107355.00000000,104209.18000000,106883.24000000,8804.38724819
2025-05-19,106488.77000000,107137.68000000,102105.00000000,105616.18000000,10104.32339011
2025-05-18,103162.53000000,106692.97000000,103130.95000000,106473.46000000,4130.60889099
2025-05-17,103500.03000000,103741.98000000,102612.00000000,103161.07000000,1848.95251021
2025-05-16,103786.40000000,104616.71000000,103125.51000000,103500.03000000,6881.65708111
2025-05-15,103540.91000000,104200.00000000,101400.01000000,103786.43000000,7563.00946962
2025-05-14,104131.20000000,104373.00000000,102603.27000000,103545.38000000,7628.70177301
2025-05-13,102800.22000000,105038.53000000,101447.78000000,104131.06000000,8727.89105836
2025-05-12,104137.58000000,105787.37000000,100703.71000000,102800.21000000,11005.40673978
2025-05-11,104817.83000000,104980.89000000,103360.22000000,104137.62000000,3055.22813204
2025-05-10,102986.94000000,104997.00000000,102831.41000000,104821.19000000,3104.17143581
2025-05-09,103252.20000000,104352.60000000,102330.76000000,102986.96000000,7318.60440182
2025-05-08,97058.33000000,104176.05000000,96888.25000000,103253.49000000,15379.43544074
2025-05-07,96843.84000000,97738.05000000,95800.00000000,97058.32000000,8328.69875473
2025-05-06,94733.99000000,96916.25000000,93363.28000000,96839.17000000,6164.34738969
2025-05-05,94272.54000000,95218.82000000,93500.01000000,94733.99000000,5181.01206583
2025-05-04,95865.47000000,96312.51000000,94151.67000000,94272.55000000,2834.39686495
2025-05-03,96929.81000000,96974.78000000,95765.13000000,95861.33000000,2077.55675998
2025-05-02,96524.98000000,97948.56000000,96369.69000000,96929.81000000,5709.61012071
2025-05-01,94182.55000000,97546.99000000,94136.79000000,96524.98000000,8334.02681063
2025-04-30,94271.08000000,95263.74000000,92911.88000000,94182.54000000,6511.31778605
2025-04-29,95042.56000000,95499.00000000,93761.26000000,94271.09000000,5979.94472886
2025-04-28,93780.56000000,95652.66000000,92829.44000000,95042.57000000,7348.48837250
2025-04-27,94666.64000000,95351.11000000,93654.77000000,93780.57000000,2304.93789541
2025-04-26,94707.79000000,95273.52000000,93903.01000000,94666.64000000,2253.98942317
2025-04-25,94021.97000000,95976.34000000,92880.01000000,94708.79000000,14148.63394750
2025-04-24,93740.93000000,94061.02000000,91685.18000000,94021.96000000,9320.80861820
2025-04-23,93486.57000000,94686.00000000,91902.19000000,93740.92000000,12538.32136507
2025-04-22,87513.53000000,93952.62000000,87077.17000000,93489.10000000,19460.09432868
2025-04-21,85177.33000000,88575.62000000,85135.98000000,87522.07000000,12603.75828155
2025-04-20,85074.59000000,85319.21000000,83972.82000000,85177.34000000,1812.14325365
2025-04-19,84466.47000000,85625.00000000,84353.45000000,85074.99000000,1683.30746873
2025-04-18,84961.97000000,85150.94000000,84287.06000000,84466.47000000,1884.07668707
2025-04-17,84028.71000000,85494.94000000,83711.69000000,84961.97000000,5865.70077325
2025-04-16,83622.52000000,85526.40000000,83088.02000000,84028.72000000,8246.73748903
2025-04-15,84590.36000000,86491.40000000,83592.77000000,83629.78000000,6461.77024421
2025-04-14,83733.07000000,85818.06000000,83655.27000000,84590.36000000,7247.02343319
2025-04-13,85271.02000000,86092.99000000,83010.00000000,83733.07000000,3904.15929557
2025-04-12,83379.64000000,85909.97000000,82765.26000000,85271.01000000,3972.49282052
2025-04-11,79552.34000000,84299.00000000,78919.94000000,83380.47000000,9964.68703141
2025-04-10,82593.15000000,82730.93000000,78387.24000000,79552.34000000,11876.12778689
2025-04-09,76258.80000000,83583.35000000,74553.01000000,82594.75000000,23584.94464084
2025-04-08,79140.02000000,80849.98000000,76167.35000000,76251.64000000,14917.02351692
2025-04-07,78370.15000000,81223.67000000,74420.69000000,79140.01000000,26706.52930797
2025-04-06,83505.88000000,83773.58000000,77058.99000000,78370.75000000,11014.85947730
2025-04-05,83859.78000000,84238.35000000,82346.61000000,83498.25000000,2836.42920662
2025-04-04,83178.68000000,84720.67000000,81643.54000000,83860.16000000,14593.03092888
2025-04-03,82490.10000000,83953.45000000,81177.70000000,83174.33000000,11800.91106566
2025-04-02,85166.92000000,88530.00000000,82283.01000000,82490.08000000,16748.28262337
2025-04-01,82534.31000000,85566.53000000,82403.32000000,85170.37000000,9130.97692565
2025-03-31,82379.98000000,83920.80000000,81265.16000000,82534.32000000,6887.94694226
2025-03-30,82624.06000000,83508.98000000,81538.88000000,82379.98000000,2472.72302228
2025-03-29,84381.81000000,84584.13000000,81608.99000000,82616.83000000,3194.24303663
2025-03-28,87214.07000000,87498.15000000,83533.40000000,84381.80000000,10031.80008987
2025-03-27,86926.01000000,87790.12000000,85784.00000000,87217.48000000,6904.09386105
2025-03-26,87432.82000000,88304.10000000,85850.00000000,86926.01000000,6885.71986041
2025-03-25,87518.09000000,88584.34000000,86321.97000000,87427.88000000,10153.98312373
2025-03-24,86092.95000000,88804.64000000,85533.06000000,87523.62000000,13107.50391644
2025-03-23,83852.06000000,86128.99000000,83804.67000000,86092.94000000,3467.46945277
2025-03-22,84061.96000000,84517.75000000,83659.69000000,83852.03000000,2108.51345069
2025-03-21,84183.41000000,84809.72000000,83100.00000000,84061.96000000,6257.63558757
2025-03-20,86877.97000000,87492.87000000,83596.75000000,84183.42000000,9880.31696275
2025-03-19,82699.53000000,87045.45000000,82535.53000000,86877.96000000,13056.03519886
2025-03-18,84011.39000000,84029.67000000,81125.00000000,82698.76000000,7316.63296603
2025-03-17,82562.50000000,84758.46000000,82416.98000000,84011.40000000,7785.97733364
2025-03-16,84351.45000000,85092.35000000,81969.44000000,82562.57000000,4059.89765099
2025-03-15,83989.86000000,84690.43000000,83612.24000000,84351.46000000,2331.92028578
2025-03-14,81071.50000000,85318.61000000,80771.17000000,83980.49000000,10857.45703924
2025-03-13,83659.45000000,84310.80000000,79890.00000000,81073.43000000,10506.80043483
2025-03-12,82911.81000000,84442.69000000,80572.21000000,83659.43000000,12617.22058200
2025-03-11,78548.18000000,83600.00000000,76555.00000000,82914.51000000,17096.37980265
2025-03-10,80708.21000000,84033.66000000,77389.00000000,78544.71000000,21375.10120997
2025-03-09,86206.64000000,86480.00000000,80000.00000000,80699.17000000,7565.44749561
2025-03-08,86753.30000000,86863.38000000,85200.00000000,86206.69000000,3023.24786650
2025-03-07,89915.02000000,91280.00000000,84608.27000000,86756.98000000,27137.20223020
2025-03-06,90607.73000000,92817.29000000,87790.50000000,89921.85000000,13303.43744669
2025-03-05,87247.93000000,91000.00000000,86329.22000000,90603.73000000,14900.93396554
2025-03-04,86161.09000000,88977.27000000,81444.00000000,87249.96000000,23130.37098654
2025-03-03,94265.47000000,94415.61000000,85007.01000000,86161.10000000,22691.67068614
2025-03-02,86018.82000000,95128.88000000,85003.35000000,94265.48000000,16751.22972996
2025-03-01,84297.74000000,86534.96000000,83772.54000000,86018.76000000,6852.54412620
2025-02-28,84627.50000000,85116.19000000,78167.81000000,84297.73000000,30755.74245077
2025-02-27,84111.77000000,86993.87000000,82554.11000000,84625.19000000,16836.55524727
2025-02-26,88583.17000000,89305.68000000,82111.12000000,84111.78000000,21568.55463119
2025-02-25,91509.88000000,92549.99000000,85836.18000000,88583.74000000,31587.91715546
2025-02-24,96266.23000000,96515.41000000,91300.00000000,91510.82000000,12644.04350070
2025-02-23,96578.49000000,96679.93000000,95243.91000000,96265.98000000,3787.84705335
2025-02-22,96157.03000000,96982.52000000,95767.95000000,96582.12000000,7324.02366243
2025-02-21,98347.20000000,99517.52000000,94721.92000000,96157.03000000,19298.23921958
2025-02-20,96632.03000000,98768.54000000,96419.07000000,98347.20000000,10582.84622768
2025-02-19,95612.97000000,96880.00000000,95000.01000000,96632.03000000,6945.44897339
2025-02-18,95781.80000000,96730.00000000,93333.00000000,95607.40000000,8867.39878431
2025-02-17,96119.88000000,97050.64000000,95200.00000000,95781.80000000,3533.01273263
2025-02-16,97596.54000000,97738.22000000,96057.68000000,96119.88000000,2174.29326885
2025-02-15,97507.94000000,97997.85000000,97225.01000000,97596.94000000,1626.51929078
2025-02-14,96625.29000000,98890.11000000,96268.56000000,97509.03000000,7744.67640105
2025-02-13,97864.28000000,98100.00000000,95220.00000000,96625.29000000,6803.60789270
2025-02-12,95770.95000000,98119.98000000,94066.92000000,97862.53000000,9078.50356189
2025-02-11,97451.66000000,98500.00000000,94831.07000000,95774.08000000,7737.05105717
2025-02-10,96481.47000000,98367.23000000,95257.20000000,97444.41000000,6375.72539123
2025-02-09,96476.24000000,97342.28000000,94730.67000000,96475.82000000,3417.87009701
2025-02-08,96536.93000000,96919.05000000,95682.33000000,96476.25000000,2972.45715184
2025-02-07,96575.24000000,100235.79000000,95614.96000000,96537.08000000,12171.82534167
2025-02-06,96635.62000000,99182.15000000,95674.96000000,96564.62000000,9168.94674634
2025-02-05,97795.06000000,99230.49000000,96161.01000000,96638.33000000,9308.59185883
2025-02-04,101460.15000000,101812.23000000,96145.76000000,97795.05000000,14168.70316610
2025-02-03,97676.53000000,102599.85000000,91178.01000000,101460.20000000,31328.72219576
2025-02-02,100623.88000000,101459.84000000,96179.00000000,97676.52000000,10366.65062753
2025-02-01,102414.05000000,102781.65000000,100250.00000000,100623.85000000,3390.25555744
2025-01-31,104742.63000000,106090.00000000,101506.00000000,102411.26000000,13313.68104489
2025-01-30,103747.25000000,106484.77000000,103289.74000000,104742.64000000,13061.34881233
2025-01-29,101290.01000000,104829.64000000,101275.60000000,103747.25000000,11403.20278905
2025-01-28,102063.92000000,103770.85000000,100213.80000000,101290.00000000,9488.53429464
2025-01-27,102565.28000000,103228.46000000,97715.03000000,102062.42000000,23647.14111877
2025-01-26,104729.92000000,105478.80000000,102452.24000000,102563.00000000,4575.36611531
2025-01-25,104866.13000000,105294.00000000,104104.00000000,104733.56000000,3404.85308291
2025-01-24,103926.36000000,107200.00000000,102751.92000000,104850.27000000,12921.99361413
2025-01-23,103659.60000000,106870.87000000,101200.01000000,103926.36000000,25064.86499945
2025-01-22,106159.27000000,106431.34000000,103100.00000000,103667.11000000,10730.01896200
2025-01-21,102145.42000000,107291.10000000,100051.00000000,106159.26000000,19411.23488978
2025-01-20,101217.78000000,109358.01000000,99416.27000000,102145.43000000,32342.18311338
2025-01-19,104435.01000000,106314.44000000,99518.00000000,101211.13000000,13312.63685598
2025-01-18,104107.00000000,104933.15000000,102233.45000000,104435.00000000,7835.29991824
2025-01-17,99981.46000000,105970.00000000,99937.81000000,104107.00000000,20518.30949325
2025-01-16,100504.27000000,100880.00000000,97277.58000000,99981.78000000,12312.37366854
2025-01-15,96534.97000000,100716.45000000,96400.00000000,100510.23000000,13610.74729401
2025-01-14,94507.35000000,97353.29000000,94311.36000000,96534.96000000,11210.74226727
2025-01-13,94507.24000000,95900.00000000,89028.64000000,94506.45000000,13094.86359481
2025-01-12,94569.91000000,95383.84000000,93670.30000000,94509.62000000,2025.81612971
2025-01-11,94701.48000000,94983.65000000,93804.05000000,94565.02000000,2638.69956767
2025-01-10,92547.44000000,95862.92000000,92209.25000000,94701.18000000,12634.03407823
2025-01-09,95033.18000000,95363.26000000,91187.00000000,92547.44000000,9712.37853215
2025-01-08,96941.98000000,97254.35000000,92500.00000000,95036.63000000,14182.29739458
2025-01-07,102279.41000000,102735.99000000,96105.11000000,96941.98000000,16587.28692230
2025-01-06,98347.65000000,102500.00000000,97900.00000000,102279.41000000,15173.55606778
2025-01-05,98209.85000000,98814.00000000,97250.00000000,98345.33000000,2377.92175899
2025-01-04,98139.85000000,98761.02000000,97516.65000000,98209.85000000,2742.08960614
2025-01-03,96905.48000000,98969.92000000,96016.63000000,98136.51000000,9021.88538159
2025-01-02,94383.59000000,97776.99000000,94177.00000000,96903.19000000,10912.47383962
2025-01-01,93347.59000000,94960.91000000,92743.63000000,94383.59000000,6871.73848196
2024-12-31,92620.70000000,96148.94000000,91887.13000000,93354.22000000,10348.63256550
2024-12-30,93563.35000000,94910.48000000,91271.19000000,92620.71000000,15271.24432744
2024-12-29,95125.59000000,95170.06000000,92841.48000000,93563.35000000,3417.52751094
2024-12-28,94171.70000000,95534.17000000,94002.72000000,95130.82000000,2722.65913630
2024-12-27,95669.40000000,97340.47000000,93234.31000000,94171.89000000,13169.12897588
2024-12-26,99358.67000000,99887.00000000,95083.93000000,95669.49000000,11403.37268934
2024-12-25,98594.47000000,99484.92000000,97557.48000000,99346.28000000,5254.23705980
2024-12-24,94767.88000000,99444.00000000,93426.25000000,98594.47000000,13355.36314305
2024-12-23,95091.15000000,96430.08000000,92360.91000000,94764.56000000,13476.98947566
2024-12-22,97230.09000000,97387.98000000,94182.98000000,95087.75000000,4933.50127735
2024-12-21,97762.75000000,99596.57000000,96368.00000000,97230.08000000,6451.43271418
2024-12-20,97372.20000000,98132.47000000,92115.66000000,97765.00000000,21766.62386138
2024-12-19,100148.60000000,102796.22000000,95539.67000000,97372.21000000,23522.12863874
2024-12-18,106145.83000000,106528.13000000,99939.82000000,100150.73000000,22294.42835455
2024-12-17,106099.98000000,108388.88000000,105337.97000000,106136.99000000,11994.58863972
2024-12-16,104445.15000000,107857.79000000,103289.21000000,106099.81000000,22575.87902891
2024-12-15,101400.00000000,105100.00000000,101221.34000000,104447.76000000,7796.33358128
2024-12-14,101428.74000000,102650.00000000,100600.00000000,101399.99000000,4181.40180281
2024-12-13,100024.75000000,101959.13000000,99220.81000000,101428.75000000,13327.59954074
2024-12-12,101211.61000000,102595.00000000,99298.39000000,100030.47000000,14796.92456547
2024-12-11,96660.75000000,101984.98000000,95722.79000000,101202.11000000,21190.23753294
2024-12-10,97330.66000000,98338.17000000,94273.38000000,96660.76000000,20620.53877488
2024-12-09,101175.00000000,101290.73000000,94220.80000000,97324.81000000,20103.05073464
2024-12-08,99919.20000000,101435.05000000,98729.66000000,101174.99000000,4230.35225168
2024-12-07,99885.37000000,100583.27000000,99012.73000000,99929.32000000,4774.35087770
2024-12-06,97049.47000000,102104.12000000,96424.20000000,99891.35000000,17801.21293952
2024-12-05,98746.24000000,104000.00000000,92055.86000000,97044.23000000,36399.81824270
2024-12-04,95924.85000000,99263.20000000,94634.85000000,98746.24000000,17528.92050771
2024-12-03,95862.89000000,96310.10000000,93571.30000000,95924.52000000,17898.70462120
2024-12-02,97259.17000000,98200.00000000,94400.63000000,95862.89000000,15554.61486745
2024-12-01,96464.95000000,97895.90000000,95753.42000000,97263.18000000,4039.27591451
2024-11-30,97489.80000000,97509.60000000,96129.73000000,96465.42000000,3476.04255853
2024-11-29,95665.53000000,98750.00000000,95383.46000000,97490.56000000,12587.02498942
2024-11-28,95951.19000000,96676.31000000,94671.59000000,95665.53000000,5586.55288339
2024-11-27,91929.53000000,97386.06000000,91747.46000000,95951.19000000,15213.90946356
2024-11-26,93001.48000000,95004.92000000,90682.58000000,91929.54000000,17848.01962899
2024-11-25,98032.06000000,98999.00000000,92534.93000000,93000.01000000,20695.91249500
2024-11-24,97778.78000000,98700.00000000,95780.77000000,98028.18000000,8654.77135767
2024-11-23,99024.03000000,99044.11000000,97215.01000000,97778.77000000,12072.47203722
2024-11-22,98439.10000000,99860.00000000,97209.52000000,99024.03000000,29936.62215019
2024-11-21,94384.15000000,99073.53000000,94127.20000000,98439.09000000,31188.09394751
2024-11-20,92445.04000000,94989.99000000,91600.00000000,94393.15000000,20329.03998700
2024-11-19,90521.32000000,94105.84000000,90403.24000000,92435.89000000,18267.16111244
2024-11-18,89877.11000000,92674.80000000,89372.65000000,90520.30000000,17340.77166451
2024-11-17,90638.54000000,91439.82000000,88713.64000000,89886.69000000,5574.55122824
2024-11-16,91058.36000000,91820.73000000,90069.21000000,90636.24000000,6598.02693040
2024-11-15,87338.96000000,91934.62000000,87100.83000000,91058.36000000,20388.33115227
2024-11-14,90499.40000000,91831.25000000,86672.07000000,87340.40000000,23422.75915863
2024-11-13,88035.43000000,93495.00000000,86220.50000000,90493.82000000,42318.69091680
2024-11-12,88770.74000000,90100.00000000,85010.00000000,88035.43000000,40111.80924643
2024-11-11,80427.69000000,89666.00000000,80277.34000000,88770.73000000,35560.11866694
2024-11-10,76716.06000000,81534.28000000,76535.33000000,80428.92000000,16728.21105103
2024-11-09,76566.72000000,76952.67000000,75758.58000000,76716.06000000,4836.57005338
2024-11-08,75925.00000000,77312.18000000,75654.26000000,76566.73000000,18378.39876264
2024-11-07,75646.55000000,76999.00000000,74463.96000000,75920.00000000,21932.40207681
2024-11-06,69380.64000000,76509.56000000,69285.82000000,75646.55000000,45398.11837369
2024-11-05,67810.15000000,70557.67000000,67427.53000000,69380.73000000,12867.66127618
2024-11-04,68736.40000000,69453.94000000,66783.77000000,67807.48000000,12431.01371517
2024-11-03,69360.95000000,69364.65000000,67444.00000000,68738.18000000,6758.88506466
2024-11-02,69466.64000000,69891.92000000,69000.00000000,69358.94000000,2203.99644104
2024-11-01,70198.02000000,71620.00000000,68720.00000000,69467.29000000,15295.28781188
2024-10-31,72322.91000000,72684.02000000,69559.33000000,70197.83000000,14726.78460342
2024-10-30,72724.35000000,72948.60000000,71400.01000000,72322.91000000,13543.49337837
2024-10-29,69924.49000000,73624.98000000,69705.76000000,72724.35000000,20616.91187006
2024-10-28,67943.18000000,70235.98000000,67532.48000000,69924.50000000,16140.14013624
2024-10-27,67008.15000000,68261.37000000,66836.78000000,67943.19000000,2819.59766921
2024-10-26,66564.51000000,67365.18000000,66331.95000000,67012.56000000,2949.21997010
2024-10-25,68156.84000000,68742.38000000,65500.01000000,66564.51000000,14485.49253537
2024-10-24,66601.10000000,68800.00000000,66445.32000000,68156.84000000,10016.19830413
2024-10-23,67389.70000000,67415.65000000,65149.51000000,66601.11000000,9021.17140157
2024-10-22,67346.15000000,67800.00000000,66535.00000000,67380.08000000,8598.06472763
2024-10-21,69014.87000000,69498.00000000,66802.00000000,67346.15000000,10226.59346669
2024-10-20,68363.73000000,69380.00000000,68083.18000000,69014.86000000,2632.89214855
2024-10-19,68426.11000000,68689.29000000,68005.83000000,68363.73000000,1868.86958754
2024-10-18,67399.86000000,69000.62000000,67149.24000000,68426.11000000,11802.74441943
2024-10-17,67608.45000000,67926.99000000,66629.97000000,67402.33000000,7912.22639285
2024-10-16,67056.62000000,68399.00000000,66743.00000000,67608.44000000,12465.75691229
2024-10-15,66065.64000000,67944.76000000,64778.44000000,67056.60000000,16324.01191342
2024-10-14,62847.89000000,66500.00000000,62426.67000000,66065.65000000,13638.71106556
2024-10-13,63183.08000000,63270.18000000,62033.00000000,62845.30000000,2257.61460657
2024-10-12,62518.75000000,63474.25000000,62464.15000000,63187.47000000,3943.90648994
2024-10-11,60279.53000000,63416.70000000,60029.98000000,62518.75000000,11454.99005340
2024-10-10,60578.28000000,61271.59000000,58863.90000000,60279.53000000,10462.57962276
2024-10-09,62118.44000000,62507.68000000,60255.00000000,60578.28000000,7582.36723494
2024-10-08,62203.82000000,63191.05000000,61824.48000000,62122.02000000,6566.33034742
2024-10-07,62810.93000000,64467.02000000,62113.28000000,62200.28000000,10707.15000150
2024-10-06,62051.29000000,62978.75000000,61805.85000000,62810.86000000,2086.21821773
2024-10-05,62090.70000000,62380.04000000,61686.34000000,62051.29000000,1783.56564961
2024-10-04,60745.00000000,62481.00000000,60454.50000000,62090.71000000,7884.21831808
2024-10-03,60631.36000000,61474.92000000,59824.87000000,60744.99000000,7834.55718072
2024-10-02,60792.63000000,62380.34000000,59969.20000000,60631.37000000,8764.03050337
2024-10-01,63305.52000000,64106.75000000,60150.89000000,60790.00000000,15970.80295516
2024-09-30,65600.01000000,65624.95000000,62833.95000000,63301.25000000,10629.74147917
2024-09-29,65857.33000000,66059.00000000,65433.29000000,65600.01000000,2721.35197741
2024-09-28,65787.53000000,66266.39000000,65400.00000000,65858.99000000,2755.22680581
2024-09-27,65176.39000000,66550.00000000,64827.85000000,65789.00000000,9529.01688080
2024-09-26,63131.13000000,65865.00000000,62652.99000000,65177.21000000,12789.85035505
2024-09-25,64272.93000000,64811.00000000,62932.80000000,63130.89000000,5909.09510453
2024-09-24,63338.85000000,64700.00000000,62689.15000000,64272.93000000,8933.46473574
2024-09-23,63580.39000000,64739.67000000,62566.28000000,63338.87000000,7014.74459935
2024-09-22,63362.74000000,64000.00000000,62380.55000000,63577.66000000,2882.23419820
2024-09-21,63210.94000000,63575.63000000,62755.00000000,63362.74000000,1960.85712028
2024-09-20,62956.04000000,64140.67000000,62340.00000000,63210.69000000,10636.10828090
2024-09-19,61770.38000000,63891.82000000,61569.16000000,62960.14000000,15075.86835522
2024-09-18,60317.38000000,61800.00000000,59174.50000000,61769.18000000,11471.50683029
2024-09-17,58209.76000000,61373.41000000,57620.27000000,60312.60000000,11701.89074715
2024-09-16,59122.70000000,59214.15000000,57477.00000000,58208.75000000,7654.10991835
2024-09-15,60012.34000000,60402.34000000,58695.75000000,59122.33000000,3975.35681850
2024-09-14,60543.35000000,60660.00000000,59436.80000000,60012.35000000,3147.39019631
2024-09-13,58137.33000000,60670.00000000,57630.01000000,60543.35000000,11935.95544754
2024-09-12,57352.92000000,58600.00000000,57311.15000000,58137.54000000,10175.62390483
2024-09-11,57641.15000000,58014.35000000,55534.41000000,57352.79000000,11678.94297124
2024-09-10,57047.82000000,58050.35000000,56377.76000000,57645.59000000,6433.21371111
2024-09-09,54881.10000000,58119.97000000,54565.56000000,57053.90000000,10203.03329517
2024-09-08,54159.60000000,55315.95000000,53623.95000000,54881.11000000,3684.86816392
2024-09-07,53950.00000000,54847.00000000,53733.10000000,54156.33000000,3284.57722628
2024-09-06,56156.82000000,56995.00000000,52530.00000000,53950.01000000,18495.45064356
