date,open,high,low,close,adj_close,volume
2018-01-01,99.96,100.56,98.58,100.0,100.0,901420
2018-01-02,99.38,100.09,98.32,99.6,99.62,840444
2018-01-03,100.73,102.43,99.75,100.89,100.9,1235046
2018-01-04,99.79,100.41,99.68,100.05,99.89,1076072
2018-01-05,99.51,100.01,99.35,99.4,99.46,692118
2018-01-08,99.44,100.74,97.86,99.33,99.2,679533
2018-01-09,100.71,100.95,99.63,100.85,100.82,1430762
2018-01-10,100.31,100.77,100.16,100.23,100.36,637890
2018-01-11,99.87,99.88,97.17,99.82,99.88,1394860
2018-01-12,99.39,100.17,98.04,99.41,99.57,826948
2018-01-15,102.07,102.76,101.29,101.64,101.59,1146752
2018-01-16,103.71,104.69,101.3,103.89,103.83,1188451
2018-01-17,104.97,106.34,104.57,104.96,105.09,941694
2018-01-18,105.32,107.44,105.01,105.4,105.42,1166355
2018-01-19,106.13,108.0,105.57,106.21,106.43,985450
2018-01-22,107.86,108.33,107.4,107.82,107.72,872123
2018-01-23,106.78,107.57,106.51,106.85,106.93,855715
2018-01-24,107.95,109.12,106.42,108.14,108.2,990794
2018-01-25,106.84,107.58,105.87,106.81,106.94,1471283
2018-01-26,106.41,107.32,106.13,106.16,106.23,1040836
2018-01-29,107.36,107.92,107.05,107.16,107.23,903133
2018-01-30,105.7,106.17,104.89,105.66,105.68,776981
2018-01-31,105.39,105.87,104.99,105.54,105.65,996247
2018-02-01,104.7,105.7,102.71,104.66,104.62,914634
2018-02-02,104.66,105.24,103.68,104.43,104.53,462558
2018-02-05,101.78,102.79,101.36,101.54,101.73,1295137
2018-02-06,99.84,100.62,99.43,99.77,99.7,1298570
2018-02-07,99.03,99.41,98.88,99.1,99.17,1173477
2018-02-08,100.01,100.15,98.39,100.05,100.09,1515558
2018-02-09,100.06,100.32,99.87,99.91,99.81,1111572
2018-02-12,100.08,100.95,99.85,99.94,99.95,926023
2018-02-13,100.3,101.56,99.72,100.66,100.75,1182423
2018-02-14,99.93,101.69,98.75,99.8,99.88,1259639
2018-02-15,100.26,100.89,99.27,100.11,100.03,997621
2018-02-16,99.16,99.94,99.13,99.34,99.37,1114958
2018-02-19,97.5,98.38,97.1,97.65,97.7,1075128
2018-02-20,97.15,100.19,96.64,97.3,97.39,1367691
2018-02-21,97.75,99.11,97.09,97.89,97.89,1357675
2018-02-22,97.97,98.5,97.46,98.25,98.19,967049
2018-02-23,98.33,98.59,98.24,98.27,98.38,807419
2018-02-26,100.49,100.66,99.36,100.65,100.54,1123489
2018-02-27,101.08,101.81,100.53,101.09,101.03,614863
2018-02-28,102.01,103.52,102.0,102.11,102.19,1255945
2018-03-01,104.48,104.92,103.66,104.43,104.46,1360542
2018-03-02,102.9,103.41,102.34,103.11,103.12,821459
2018-03-05,102.12,103.02,101.11,102.07,101.99,1275044
2018-03-06,103.96,104.13,102.83,103.88,103.97,1053198
2018-03-07,103.25,104.65,100.51,103.08,103.14,1519706
2018-03-08,103.55,103.69,102.45,103.14,103.34,1594712
2018-03-09,103.84,104.35,103.24,104.28,104.35,1012484
2018-03-12,105.3,105.48,104.58,105.24,105.09,677251
2018-03-13,106.96,107.35,106.44,107.11,107.12,1428774
2018-03-14,108.33,108.89,107.35,108.75,108.74,1537196
2018-03-15,110.13,111.09,108.29,109.94,109.93,1263235
2018-03-16,109.42,111.2,108.28,109.13,109.1,1054873
2018-03-19,109.94,110.84,109.72,110.03,110.04,1332232
2018-03-20,110.45,112.9,109.23,110.41,110.32,738097
2018-03-21,108.96,109.63,108.44,108.97,108.8,1354023
2018-03-22,110.65,110.79,109.54,110.55,110.6,910617
2018-03-23,111.67,112.62,109.74,111.48,111.6,1003228
2018-03-26,111.64,111.9,110.8,111.56,111.61,1329915
2018-03-27,111.41,112.58,110.55,111.33,111.37,1329489
2018-03-28,110.31,112.74,109.76,110.03,109.95,1033579
2018-03-29,110.25,110.38,110.09,110.29,110.38,854218
2018-03-30,111.04,112.02,108.95,110.84,110.62,1064970
2018-04-02,109.77,111.12,109.76,109.95,110.17,826444
2018-04-03,111.62,112.93,110.28,111.26,111.2,1374714
2018-04-04,110.23,113.15,109.54,110.07,110.15,896603
2018-04-05,107.68,107.77,107.05,107.77,107.72,873183
2018-04-06,108.46,109.01,105.4,108.92,108.93,1283363
2018-04-09,108.51,108.8,106.35,108.51,108.48,1111916
2018-04-10,108.15,109.33,107.49,108.41,108.19,854789
2018-04-11,107.6,107.9,107.01,107.53,107.6,913877
2018-04-12,106.15,106.33,105.57,105.84,105.73,1040547
2018-04-13,107.23,107.89,106.23,107.2,107.08,851225
2018-04-16,106.46,107.21,105.88,106.49,106.44,1083540
2018-04-17,108.37,108.77,107.92,108.29,108.26,1051114
2018-04-18,109.26,110.25,107.17,109.2,109.24,640184
2018-04-19,108.38,110.76,105.94,108.89,108.83,913030
2018-04-20,107.79,108.02,105.33,107.74,108.03,1420279
2018-04-23,107.12,108.47,106.41,106.98,106.82,809854
2018-04-24,105.66,106.52,105.23,105.72,105.68,923079
2018-04-25,108.17,108.26,106.76,107.96,108.01,1026758
2018-04-26,108.14,108.71,107.33,108.17,108.28,984736
2018-04-27,109.61,111.31,108.62,109.44,109.51,725536
2018-04-30,108.58,109.22,107.54,108.09,108.18,878004
2018-05-01,108.3,110.24,107.44,108.32,108.24,964669
2018-05-02,109.2,111.03,108.7,109.63,109.69,1227496
2018-05-03,109.22,109.96,107.3,109.29,109.43,1144376
2018-05-04,110.07,112.5,107.46,110.45,110.51,1124728
2018-05-07,109.42,110.1,108.6,109.29,109.55,1125592
2018-05-08,108.11,108.89,107.07,107.83,107.82,837268
2018-05-09,108.42,110.19,105.62,108.27,108.23,544943
2018-05-10,107.96,109.48,106.89,107.89,107.71,667504
2018-05-11,108.48,109.15,107.48,108.62,108.57,1128868
2018-05-14,106.84,106.89,105.96,106.5,106.56,1235391
2018-05-15,107.45,107.71,106.79,107.29,107.39,799799
2018-05-16,110.17,110.84,108.73,110.11,110.27,1575907
2018-05-17,110.16,112.0,108.14,110.12,110.14,1410044
2018-05-18,110.21,110.91,109.91,110.19,110.13,787847
2018-05-21,110.52,110.53,110.37,110.42,110.27,1035622
2018-05-22,108.26,109.75,107.03,108.4,108.38,1378874
2018-05-23,109.22,110.18,108.75,108.89,108.78,1400186
2018-05-24,107.21,108.41,106.57,107.18,107.15,1151269
2018-05-25,106.88,106.97,106.41,106.75,106.6,902989
2018-05-28,108.01,109.25,107.27,108.11,108.07,1222445
2018-05-29,107.43,108.4,105.77,107.35,107.28,1169965
2018-05-30,107.42,108.93,106.9,107.92,108.03,1462732
2018-05-31,108.8,109.91,106.58,109.04,108.91,1254966
2018-06-01,109.37,109.65,107.97,109.38,109.19,1143355
2018-06-04,107.63,108.35,107.31,107.91,108.0,1071391
2018-06-05,108.11,108.32,106.35,107.58,107.75,1152569
2018-06-06,109.36,110.36,107.42,109.72,109.81,579798
2018-06-07,107.61,108.29,107.09,107.54,107.52,1186141
2018-06-08,107.63,107.88,106.21,107.27,107.18,1176207
2018-06-11,106.81,107.47,105.03,106.71,106.69,630790
2018-06-12,106.81,107.5,105.72,106.87,106.83,746070
2018-06-13,107.59,107.93,107.09,107.7,107.57,576081
2018-06-14,109.62,109.98,109.17,109.47,109.47,1232068
2018-06-15,109.03,111.42,108.57,109.21,109.35,1219499
2018-06-18,110.1,110.82,109.49,110.13,110.22,695280
2018-06-19,110.86,110.9,108.98,110.71,110.75,955791
2018-06-20,111.2,111.4,111.06,111.27,111.26,780090
2018-06-21,110.69,111.63,110.46,110.67,110.57,1169847
2018-06-22,109.54,109.61,108.27,109.6,109.72,816014
2018-06-25,108.22,109.23,107.53,108.43,108.27,841296
2018-06-26,107.9,108.56,107.4,107.64,107.41,1147694
2018-06-27,108.32,109.56,107.17,108.02,108.01,1602625
2018-06-28,108.81,109.5,108.76,108.88,108.83,843744
2018-06-29,109.2,109.88,108.55,109.26,109.22,851803
2018-07-02,108.65,109.67,107.67,108.69,108.77,955851
2018-07-03,110.81,111.62,110.4,110.69,110.75,1256584
2018-07-04,112.2,113.75,111.42,112.4,112.48,1139785
2018-07-05,112.02,112.11,111.24,112.04,112.16,858211
2018-07-06,111.21,113.53,110.76,111.15,111.01,933153
2018-07-09,111.47,113.54,110.72,111.33,111.52,871444
2018-07-10,112.15,113.35,111.78,112.77,112.68,802950
2018-07-11,113.27,114.71,110.43,113.18,113.22,1271384
2018-07-12,113.92,114.83,112.88,113.85,114.06,942601
2018-07-13,113.87,114.69,113.24,113.64,113.82,1139626
2018-07-16,114.07,115.62,113.14,114.19,114.35,874124
2018-07-17,115.87,116.72,114.29,115.99,115.99,1121171
2018-07-18,116.02,117.59,114.1,115.75,115.58,1280153
2018-07-19,115.58,116.97,115.21,115.95,115.82,1380792
2018-07-20,116.65,116.93,115.67,116.28,116.24,1258640
2018-07-23,117.24,117.84,116.0,116.64,116.56,792657
2018-07-24,115.14,117.01,112.48,115.03,114.95,717009
2018-07-25,113.09,113.12,112.21,112.9,112.88,1104047
2018-07-26,111.45,112.75,110.1,111.79,111.71,1184308
2018-07-27,111.85,112.57,111.41,112.01,111.95,1440276
2018-07-30,112.9,113.43,109.45,112.66,112.67,1014226
2018-07-31,112.18,112.31,109.96,112.1,111.99,1229832
2018-08-01,113.63,114.27,113.2,113.68,113.76,1155601
2018-08-02,113.6,114.36,113.16,113.55,113.65,702632
2018-08-03,113.72,115.11,113.32,113.6,113.55,1164878
2018-08-06,113.35,114.47,112.2,113.42,113.42,977697
2018-08-07,113.6,114.35,113.38,113.6,113.78,1226952
2018-08-08,114.43,114.98,113.57,114.44,114.53,701872
2018-08-09,114.99,116.49,113.68,115.23,115.42,1246898
2018-08-10,114.31,114.97,113.86,114.23,114.32,1022005
2018-08-13,116.43,117.8,115.05,116.01,116.13,966013
2018-08-14,115.17,115.3,114.38,114.77,114.71,1457739
2018-08-15,114.56,116.79,113.93,114.9,114.89,1212686
2018-08-16,114.75,114.79,113.72,114.62,114.53,1215839
2018-08-17,113.6,114.18,113.24,113.45,113.46,1027366
2018-08-20,113.3,114.33,112.34,113.4,113.46,712567
2018-08-21,109.86,110.66,108.79,110.07,110.1,854791
2018-08-22,110.13,110.94,109.31,110.43,110.26,937582
2018-08-23,112.14,112.94,111.21,112.24,112.15,750833
2018-08-24,118.96,120.96,118.09,118.88,118.74,1236851
2018-08-27,120.34,121.79,120.07,120.38,120.42,1064513
2018-08-28,117.33,117.49,116.77,117.47,117.43,1057419
2018-08-29,115.38,116.61,114.21,115.67,115.7,1141616
2018-08-30,116.43,116.82,115.08,116.35,116.11,462157
2018-08-31,117.07,119.11,116.45,116.82,116.83,1222260
2018-09-03,123.44,124.54,121.58,123.67,123.55,1322261
2018-09-04,130.73,132.4,128.55,130.61,130.71,1479811
2018-09-05,128.29,129.22,126.78,128.78,128.88,992011
2018-09-06,125.82,126.17,124.94,125.99,126.06,1094236
2018-09-07,113.31,116.5,112.99,113.14,113.25,1334021
2018-09-10,110.44,110.7,109.94,110.69,110.78,1190075
2018-09-11,106.27,107.21,105.63,106.39,106.34,1054418
2018-09-12,105.21,105.29,104.86,104.92,104.76,1146569
2018-09-13,106.43,106.89,106.09,106.59,106.67,1311049
2018-09-14,107.19,109.91,107.06,107.38,107.41,1085107
2018-09-17,107.41,108.72,104.92,107.28,107.04,1495901
2018-09-18,108.59,108.77,106.27,108.17,107.98,1154981
2018-09-19,107.61,110.55,107.48,107.66,107.52,1015612
2018-09-20,108.7,109.29,108.0,108.54,108.53,1099581
2018-09-21,94.8,95.38,93.57,94.54,94.41,1817147
2018-09-24,93.61,95.0,93.49,93.55,93.61,1222348
2018-09-25,93.12,93.63,92.74,93.17,93.12,878122
2018-09-26,91.76,91.93,91.34,91.92,92.06,1167245
2018-09-27,90.89,91.29,90.05,91.15,91.19,819080
2018-09-28,93.95,94.39,92.62,93.74,93.73,1206893
2018-10-01,91.56,91.91,91.31,91.53,91.56,1307010
2018-10-02,99.88,100.85,99.42,99.61,99.52,1750073
2018-10-03,102.58,102.88,101.03,102.38,102.53,1075010
2018-10-04,102.26,102.5,102.21,102.39,102.49,1302198
2018-10-05,101.33,102.92,99.96,101.57,101.6,994146
2018-10-08,101.33,102.25,101.14,101.25,101.45,719873
2018-10-09,97.45,99.51,96.55,97.57,97.43,1247590
2018-10-10,97.3,97.7,96.73,97.23,97.31,1204307
2018-10-11,98.2,98.76,98.01,98.34,98.46,894031
2018-10-12,100.48,102.87,99.57,100.65,100.7,799909
2018-10-15,102.99,104.48,101.78,103.02,103.0,1141217
2018-10-16,102.11,102.55,101.17,101.92,101.71,1038368
2018-10-17,96.23,97.54,94.94,96.17,96.28,1141300
2018-10-18,93.85,93.96,93.01,93.63,93.59,1492189
2018-10-19,99.45,101.08,99.1,99.69,99.69,1593069
2018-10-22,103.08,104.09,102.23,103.3,103.4,1468576
2018-10-23,104.84,105.35,104.55,104.86,104.96,768464
2018-10-24,102.13,104.01,101.62,101.69,101.58,1110070
2018-10-25,101.88,102.09,101.46,101.74,101.64,881873
2018-10-26,96.45,97.62,95.09,96.66,96.59,1205666
2018-10-29,94.54,96.05,94.38,94.56,94.62,1386159
2018-10-30,93.7,94.13,92.86,93.66,93.76,915172
2018-10-31,92.22,94.11,91.47,92.33,92.38,924570
2018-11-01,96.01,96.7,93.79,95.89,95.85,1489395
2018-11-02,90.45,90.52,89.11,90.48,90.46,1788350
2018-11-05,87.32,88.35,86.62,87.37,87.49,1531832
2018-11-06,82.8,83.26,81.92,82.59,82.5,1102585
2018-11-07,78.26,79.38,78.05,78.53,78.59,785895
2018-11-08,78.79,79.1,78.74,78.94,78.94,838393
2018-11-09,73.79,74.09,73.73,73.91,73.95,1349940
2018-11-12,76.04,76.23,75.94,76.16,76.17,1263308
2018-11-13,75.33,75.51,75.06,75.44,75.51,931125
2018-11-14,75.74,76.05,75.43,75.67,75.71,1304795
2018-11-15,76.83,77.05,76.64,76.67,76.67,1223297
2018-11-16,75.49,76.22,75.19,75.36,75.53,1105457
2018-11-19,78.33,78.66,78.26,78.49,78.59,896202
2018-11-20,77.89,79.3,77.84,77.9,77.93,1334613
2018-11-21,79.85,80.35,78.98,79.78,79.84,1133358
2018-11-22,79.21,80.46,78.46,79.17,79.18,602240
2018-11-23,80.32,80.98,79.21,80.11,80.06,1378468
2018-11-26,80.92,81.5,79.84,81.03,80.89,1542700
2018-11-27,81.89,82.99,81.36,81.87,82.04,1005785
2018-11-28,78.64,79.71,78.54,78.7,78.67,976980
2018-11-29,80.14,82.36,79.78,80.1,80.14,1384793
2018-11-30,78.93,79.45,78.5,79.1,79.2,1432556
2018-12-03,80.97,82.37,80.47,81.12,81.08,1330283
2018-12-04,74.05,75.01,72.92,74.16,74.14,997714
2018-12-05,69.76,70.78,69.44,69.83,69.87,1189522
2018-12-06,71.09,71.77,70.64,70.87,70.91,862703
2018-12-07,76.35,77.75,75.32,76.17,76.18,1590244
2018-12-10,78.71,79.3,78.3,78.74,78.66,1570245
2018-12-11,76.64,77.7,75.47,76.61,76.71,1164818
2018-12-12,71.22,71.94,70.9,71.45,71.51,1365595
2018-12-13,73.57,73.96,72.58,73.6,73.61,810258
2018-12-14,73.4,73.49,72.85,73.38,73.44,684866
2018-12-17,75.31,76.35,74.41,75.14,74.89,1144658
2018-12-18,75.56,76.18,75.0,75.51,75.51,1387601
2018-12-19,75.68,77.24,75.08,75.62,75.59,885760
2018-12-20,84.64,85.59,84.58,84.59,84.42,1566604
2018-12-21,84.64,85.19,82.84,84.59,84.64,727444
2018-12-24,83.85,84.26,82.57,84.08,84.0,718126
2018-12-25,83.63,84.96,83.39,83.7,83.82,1266119
2018-12-26,82.0,82.09,80.68,81.77,81.76,1074991
2018-12-27,85.17,85.96,84.75,85.03,85.09,1444734
2018-12-28,83.94,84.06,81.91,83.85,83.81,622804
2018-12-31,86.02,86.03,85.97,86.01,86.08,1064750
2019-01-01,87.13,87.91,86.96,87.02,87.14,1446136
2019-01-02,91.11,92.13,90.62,91.29,91.14,1003855
2019-01-03,92.55,92.89,91.86,92.85,92.91,846426
2019-01-04,88.3,88.81,87.99,88.37,88.22,1257709
2019-01-07,83.8,84.37,82.94,83.71,83.7,1314390
2019-01-08,88.47,88.52,87.89,88.45,88.47,1411858
2019-01-09,86.5,87.25,85.61,86.32,86.23,1114564
2019-01-10,81.84,81.96,80.91,81.79,81.76,1329571
2019-01-11,79.63,79.84,79.15,79.62,79.74,1160896
2019-01-14,83.89,85.81,83.09,83.67,83.75,1075709
2019-01-15,79.12,79.45,78.83,78.94,79.03,1227740
2019-01-16,76.22,76.87,75.11,76.23,76.36,870782
2019-01-17,74.06,74.85,73.91,74.22,74.2,1205002
2019-01-18,70.4,70.67,70.34,70.53,70.6,1076968
2019-01-21,67.19,67.63,66.23,67.21,67.17,1417196
2019-01-22,63.1,63.7,61.95,63.15,63.23,1493422
2019-01-23,62.21,63.17,61.55,62.0,61.93,582732
2019-01-24,60.93,61.96,60.33,61.14,61.09,1292038
2019-01-25,59.48,59.66,58.94,59.49,59.59,1331939
2019-01-28,55.45,55.63,55.37,55.57,55.61,1422012
2019-01-29,58.39,59.05,58.1,58.37,58.39,754338
2019-01-30,55.33,55.96,55.29,55.29,55.28,848390
2019-01-31,55.88,56.01,54.72,55.92,55.9,1267263
2019-02-01,53.59,53.97,52.57,53.53,53.53,1127617
2019-02-04,54.96,55.72,54.62,54.98,54.98,1235046
2019-02-05,57.08,57.52,56.33,57.1,57.14,524208
2019-02-06,55.07,55.15,55.03,55.11,55.21,1328329
2019-02-07,50.95,51.01,49.59,50.89,50.84,1275757
2019-02-08,52.33,53.02,51.82,52.32,52.33,976998
2019-02-11,56.44,56.88,55.61,56.26,56.31,1695809
2019-02-12,57.36,57.65,56.47,57.21,57.2,1010873
2019-02-13,57.66,57.69,57.49,57.6,57.64,1128920
2019-02-14,59.25,60.04,59.1,59.5,59.42,984759
2019-02-15,61.16,61.35,61.14,61.34,61.48,1671884
2019-02-18,59.44,60.68,59.05,59.33,59.35,994318
2019-02-19,57.72,58.24,57.62,57.78,57.78,1353761
2019-02-20,59.24,59.44,58.94,59.21,59.17,1016380
2019-02-21,58.81,59.19,58.4,58.89,58.87,1069818
2019-02-22,62.07,62.64,61.81,62.01,62.05,1267557
2019-02-25,60.39,60.51,59.88,60.28,60.42,1102310
2019-02-26,61.95,62.16,61.88,62.1,62.02,1103963
2019-02-27,62.87,63.18,62.5,62.97,62.97,857077
2019-02-28,62.47,63.02,61.98,62.67,62.6,1125523
2019-03-01,65.67,66.66,64.99,65.64,65.56,1339733
2019-03-04,67.22,67.71,66.82,67.45,67.45,1148922
2019-03-05,64.71,65.17,64.62,64.76,64.72,1568669
2019-03-06,66.5,67.57,65.93,66.43,66.46,1362756
2019-03-07,70.4,71.44,69.23,70.11,70.16,1155943
2019-03-08,69.81,69.93,69.35,69.76,69.68,1060491
2019-03-11,69.26,69.36,69.02,69.09,69.05,1320658
2019-03-12,67.29,68.27,66.1,67.26,67.24,1127012
2019-03-13,67.28,67.4,66.78,67.24,67.1,1005345
2019-03-14,69.08,70.67,68.96,69.11,69.09,1065941
2019-03-15,66.82,67.41,66.67,66.87,66.78,1075087
2019-03-18,63.44,64.31,62.22,63.29,63.27,1538441
2019-03-19,62.4,63.12,61.75,62.36,62.35,1143300
2019-03-20,58.97,59.34,58.14,58.93,58.82,1487408
2019-03-21,60.11,61.13,59.78,60.18,60.12,1167578
2019-03-22,59.13,60.45,58.59,59.18,59.2,984419
2019-03-25,55.27,55.39,54.84,55.04,55.09,1155127
2019-03-26,54.28,54.29,53.27,54.29,54.39,995779
2019-03-27,54.03,54.73,53.39,53.89,53.9,1183757
2019-03-28,54.81,54.88,53.65,54.87,54.83,1219278
2019-03-29,54.65,54.84,54.16,54.57,54.52,632596
2019-04-01,58.7,58.73,57.01,58.66,58.59,1901362
2019-04-02,57.42,57.69,56.57,57.46,57.52,962838
2019-04-03,57.41,57.68,56.66,57.34,57.26,990556
2019-04-04,56.94,57.47,56.26,57.12,57.07,1075854
2019-04-05,56.55,57.22,56.33,56.49,56.48,1482907
2019-04-08,56.92,57.36,56.11,56.83,56.9,826542
2019-04-09,58.11,58.43,57.63,58.08,58.11,928458
2019-04-10,61.37,61.41,60.03,61.21,61.2,1076721
2019-04-11,57.37,57.64,57.36,57.38,57.42,1430777
2019-04-12,56.21,57.5,56.03,56.23,56.34,1260743
2019-04-15,55.28,55.48,54.73,55.24,55.22,1148822
2019-04-16,57.43,57.47,57.27,57.33,57.39,1688856
2019-04-17,56.59,56.94,56.1,56.53,56.56,999121
2019-04-18,52.23,52.82,51.93,52.26,52.32,1506103
2019-04-19,52.35,52.5,52.34,52.46,52.46,577879
2019-04-22,52.47,52.7,52.19,52.4,52.37,412779
2019-04-23,52.71,52.85,51.92,52.79,52.74,1175186
2019-04-24,50.53,50.94,49.45,50.61,50.6,1378738
2019-04-25,54.04,54.42,53.99,54.11,54.05,1125283
2019-04-26,53.43,53.68,52.9,53.42,53.35,1059807
2019-04-29,52.95,53.09,52.25,53.04,53.16,1194249
2019-04-30,51.03,51.24,49.67,51.14,51.1,1136715
2019-05-01,49.19,49.49,48.87,49.26,49.23,1016712
2019-05-02,46.84,47.72,46.66,46.86,46.87,1273367
2019-05-03,46.18,46.21,46.13,46.14,46.22,1591051
2019-05-06,44.39,44.87,44.33,44.38,44.41,1430315
2019-05-07,47.94,48.23,47.67,48.05,48.12,1385522
2019-05-08,44.45,45.34,43.86,44.43,44.44,1675199
2019-05-09,42.47,43.01,42.14,42.44,42.44,1336607
2019-05-10,41.73,41.85,41.72,41.77,41.78,1113690
2019-05-13,42.84,43.18,42.32,42.91,42.96,1247705
2019-05-14,42.15,42.31,41.87,42.21,42.18,1182965
2019-05-15,43.32,43.4,42.84,43.37,43.34,835538
2019-05-16,43.14,43.3,42.88,42.95,42.99,1122335
2019-05-17,42.91,43.34,42.57,42.99,43.05,918138
2019-05-20,43.78,43.91,43.48,43.75,43.69,1094434
2019-05-21,43.28,43.42,43.02,43.34,43.32,823635
2019-05-22,43.49,43.55,43.01,43.54,43.56,1124392
2019-05-23,43.58,44.07,42.96,43.64,43.67,1064373
2019-05-24,42.74,42.87,42.59,42.67,42.72,1126091
2019-05-27,42.47,42.68,42.14,42.43,42.49,1100190
2019-05-28,42.91,43.04,42.31,42.93,42.91,1158477
2019-05-29,43.04,43.06,42.37,43.0,43.04,1240564
2019-05-30,42.55,42.65,42.38,42.49,42.45,710328
2019-05-31,42.72,43.41,42.43,42.79,42.84,1462517
2019-06-03,42.65,43.41,42.52,42.6,42.59,1043680
2019-06-04,42.71,42.93,42.47,42.77,42.79,928014
2019-06-05,43.01,43.41,42.71,42.94,42.98,1247779
2019-06-06,42.54,42.73,42.32,42.47,42.51,1050444
2019-06-07,42.86,43.08,42.75,42.82,42.84,1464522
2019-06-10,42.39,42.8,41.78,42.4,42.42,1110365
2019-06-11,41.82,41.99,41.67,41.86,41.81,1321254
2019-06-12,41.48,41.84,41.32,41.51,41.53,1060874
2019-06-13,41.44,41.64,41.37,41.38,41.35,935654
2019-06-14,41.38,41.73,41.35,41.43,41.41,1182521
2019-06-17,41.13,41.6,40.95,41.13,41.14,1419845
2019-06-18,41.3,41.67,40.8,41.44,41.51,1350886
2019-06-19,41.58,41.76,41.51,41.56,41.6,1181093
2019-06-20,41.2,41.92,41.16,41.28,41.28,1252222
2019-06-21,41.55,41.67,41.48,41.66,41.66,1312384
2019-06-24,42.2,42.55,42.01,42.16,42.13,1330064
2019-06-25,42.15,42.82,41.85,42.13,42.13,1286070
2019-06-26,42.02,42.22,41.61,42.05,41.96,520030
2019-06-27,41.29,41.38,40.86,41.32,41.31,934639
2019-06-28,41.35,41.89,40.87,41.16,41.14,1219484
2019-07-01,41.04,41.19,41.0,41.06,41.05,1198890
2019-07-02,41.15,41.47,41.06,41.17,41.11,517753
2019-07-03,41.17,41.62,40.93,41.11,41.1,944662
2019-07-04,41.23,41.37,40.98,41.22,41.29,618222
2019-07-05,41.95,42.31,41.48,41.87,41.88,774736
2019-07-08,41.68,41.96,41.63,41.66,41.61,1043621
2019-07-09,41.53,42.27,41.33,41.47,41.45,868898
2019-07-10,40.97,41.04,40.68,40.94,40.94,954205
2019-07-11,41.0,41.29,40.14,40.95,40.85,892806
2019-07-12,41.36,41.45,40.96,41.36,41.46,1121411
2019-07-15,40.67,40.7,40.24,40.65,40.66,1308691
2019-07-16,40.37,40.56,39.94,40.39,40.4,800848
2019-07-17,40.46,40.79,40.41,40.42,40.45,960459
2019-07-18,40.66,40.99,40.21,40.77,40.79,1126095
2019-07-19,41.0,41.09,40.84,40.94,41.0,949841
2019-07-22,41.17,41.2,40.87,41.08,41.15,1205171
2019-07-23,41.07,41.66,40.41,41.0,40.97,1021898
2019-07-24,41.21,41.39,40.69,41.21,41.13,1330175
2019-07-25,41.69,42.23,40.94,41.65,41.57,795878
2019-07-26,40.88,41.02,40.78,40.95,41.04,1723865
2019-07-29,41.33,41.48,41.18,41.26,41.21,894311
2019-07-30,41.14,41.46,40.29,41.23,41.29,1354534
2019-07-31,41.07,41.21,40.75,41.02,40.98,1315256
2019-08-01,40.07,40.1,39.4,40.03,40.08,1566678
2019-08-02,39.52,40.15,39.25,39.49,39.54,1280004
2019-08-05,40.14,40.76,39.43,40.17,40.18,928607
2019-08-06,39.97,40.06,39.76,39.91,39.88,299246
2019-08-07,39.34,39.87,38.75,39.49,39.53,877468
2019-08-08,39.38,39.59,39.0,39.32,39.3,1295448
2019-08-09,39.05,39.1,38.79,39.04,39.1,1101865
2019-08-12,39.18,39.68,38.79,39.1,39.08,752857
2019-08-13,39.72,40.32,38.71,39.7,39.76,788746
2019-08-14,39.63,39.95,38.8,39.48,39.46,742043
2019-08-15,39.48,39.65,39.27,39.56,39.53,891665
2019-08-16,39.16,39.64,38.89,39.11,39.14,1029107
2019-08-19,39.65,39.87,39.6,39.72,39.72,1475642
2019-08-20,39.8,40.09,39.65,39.81,39.83,1084599
2019-08-21,39.45,39.7,38.78,39.39,39.5,915530
2019-08-22,39.81,40.26,39.69,39.76,39.72,1150610
2019-08-23,40.41,40.58,39.77,40.25,40.23,874753
2019-08-26,40.29,40.54,40.17,40.32,40.33,1386769
2019-08-27,39.78,39.95,39.22,39.67,39.63,720305
2019-08-28,40.37,40.84,40.24,40.39,40.33,1256077
2019-08-29,40.47,40.64,39.86,40.53,40.49,682938
2019-08-30,40.88,41.45,40.43,41.02,41.05,966612
2019-09-02,40.82,40.91,40.3,40.8,40.78,1192328
2019-09-03,40.61,41.52,40.57,40.65,40.63,1133352
2019-09-04,40.78,41.44,40.2,40.71,40.73,955365
2019-09-05,41.13,41.85,40.79,41.18,41.13,1093074
2019-09-06,41.21,41.82,40.79,41.25,41.29,622691
2019-09-09,40.77,41.31,40.3,40.74,40.82,697021
2019-09-10,41.0,41.08,40.86,40.86,40.87,1153890
2019-09-11,41.45,41.69,41.34,41.54,41.56,1544833
2019-09-12,41.66,42.0,41.33,41.58,41.55,1213805
2019-09-13,41.72,42.06,41.39,41.64,41.66,1072803
2019-09-16,41.11,41.45,41.07,41.13,41.15,1323673
2019-09-17,40.62,40.85,40.3,40.57,40.52,1118073
2019-09-18,40.3,40.36,40.15,40.32,40.28,1262661
2019-09-19,40.39,40.42,39.98,40.2,40.17,1117651
2019-09-20,40.25,40.56,39.7,40.25,40.26,1038325
2019-09-23,40.34,40.35,39.66,40.33,40.31,617468
2019-09-24,40.96,41.4,40.2,40.99,41.0,1190220
2019-09-25,40.89,41.36,40.25,41.03,41.01,1095244
2019-09-26,41.46,41.73,41.07,41.48,41.52,1257910
2019-09-27,41.49,41.64,41.32,41.47,41.47,969253
2019-09-30,42.21,42.82,41.89,42.09,42.04,1170808
2019-10-01,41.35,41.83,40.47,41.31,41.38,983692
2019-10-02,41.06,41.6,40.94,41.08,41.16,1426847
2019-10-03,41.5,41.65,41.49,41.49,41.52,933442
2019-10-04,41.46,41.95,41.39,41.43,41.45,866255
2019-10-07,41.8,42.12,41.5,41.83,41.83,1069686
2019-10-08,42.06,42.5,41.67,42.01,42.02,606712
2019-10-09,42.55,42.7,41.8,42.42,42.37,839282
2019-10-10,42.66,42.69,42.5,42.69,42.64,635802
2019-10-11,43.09,43.95,42.97,42.99,43.01,1455831
2019-10-14,43.72,44.26,43.56,43.64,43.59,1193750
2019-10-15,44.13,44.22,43.55,44.09,44.17,926636
2019-10-16,44.55,44.8,44.44,44.54,44.5,817432
2019-10-17,44.59,44.65,44.37,44.56,44.59,1522561
2019-10-18,44.3,45.09,44.2,44.32,44.26,628302
2019-10-21,44.2,45.2,43.36,44.04,44.04,1041524
2019-10-22,44.32,44.61,44.18,44.38,44.4,1377858
2019-10-23,43.41,44.08,42.93,43.31,43.29,987805
2019-10-24,42.89,43.52,42.58,42.76,42.73,828450
2019-10-25,42.33,42.65,42.03,42.36,42.35,726772
2019-10-28,42.37,42.57,42.06,42.27,42.32,1221703
2019-10-29,41.18,41.65,41.16,41.17,41.21,978213
2019-10-30,41.7,42.01,41.34,41.7,41.74,837851
2019-10-31,41.95,42.06,41.55,41.96,42.0,600846
2019-11-01,42.67,43.56,42.32,42.81,42.87,956289
2019-11-04,43.32,43.55,43.05,43.27,43.31,1264116
2019-11-05,43.86,43.9,43.72,43.73,43.63,1218075
2019-11-06,44.67,44.86,44.55,44.73,44.76,1124052
2019-11-07,44.56,45.85,44.24,44.49,44.51,887814
2019-11-08,43.82,44.01,43.55,43.83,43.82,908682
2019-11-11,43.65,43.8,43.46,43.74,43.68,639976
2019-11-12,43.48,43.94,42.9,43.4,43.37,1138197
2019-11-13,43.44,44.22,42.85,43.3,43.28,1040641
2019-11-14,42.79,43.28,42.39,42.86,42.89,1037598
2019-11-15,43.13,43.56,42.17,43.11,43.14,1110950
2019-11-18,43.22,43.9,42.64,43.35,43.3,1226863
2019-11-19,43.34,44.04,43.17,43.35,43.37,1147649
2019-11-20,43.54,43.77,43.08,43.5,43.41,523816
2019-11-21,43.6,44.37,43.42,43.45,43.43,921758
2019-11-22,43.92,44.53,43.66,43.79,43.79,1122228
2019-11-25,43.97,44.32,43.2,43.83,43.86,989741
2019-11-26,43.68,43.83,43.19,43.73,43.72,862525
2019-11-27,44.12,44.24,43.76,44.15,44.17,1000409
2019-11-28,44.57,44.94,44.26,44.72,44.73,1521477
2019-11-29,45.26,45.48,45.01,45.33,45.35,1414608
2019-12-02,44.76,44.99,44.63,44.89,44.92,1077711
2019-12-03,44.7,44.83,44.31,44.67,44.65,931740
2019-12-04,43.86,43.97,43.84,43.92,43.96,1229966
2019-12-05,43.73,44.36,43.48,43.83,43.9,1246816
2019-12-06,43.99,44.16,43.69,44.02,44.02,1115012
2019-12-09,43.87,44.05,42.83,43.98,43.88,740128
2019-12-10,44.87,45.53,44.48,44.84,44.87,1130893
2019-12-11,44.7,44.77,44.43,44.67,44.67,1062746
2019-12-12,44.17,44.88,43.94,44.2,44.22,789760
2019-12-13,44.4,44.72,44.35,44.46,44.43,1073699
2019-12-16,44.42,44.82,44.3,44.54,44.52,1165580
2019-12-17,44.85,44.95,44.69,44.8,44.8,1174430
2019-12-18,44.97,44.99,44.34,44.95,44.94,1354566
2019-12-19,45.12,45.36,44.23,45.07,45.07,681422
2019-12-20,44.1,44.22,43.77,44.13,44.11,1188131
2019-12-23,43.81,44.09,43.58,43.82,43.82,917863
2019-12-24,43.7,43.92,43.21,43.58,43.61,1249292
2019-12-25,43.39,43.75,42.95,43.44,43.46,1274194
2019-12-26,43.23,43.53,43.05,43.26,43.2,690832
2019-12-27,43.51,44.58,42.94,43.45,43.46,936978
2019-12-30,43.75,44.39,43.33,43.72,43.69,794397
2019-12-31,43.07,44.22,42.82,43.24,43.26,1041910
2020-01-01,43.41,43.94,42.88,43.55,43.6,1029522
2020-01-02,43.76,44.19,42.56,43.82,43.86,1363465
2020-01-03,44.12,44.39,44.04,44.04,44.01,1153403
2020-01-06,43.48,43.78,43.12,43.43,43.43,1346811
2020-01-07,43.68,44.13,43.62,43.63,43.65,1268053
2020-01-08,43.73,43.8,43.64,43.68,43.7,743084
2020-01-09,44.03,44.55,43.68,44.11,44.08,1072301
2020-01-10,44.97,45.94,44.11,44.91,44.94,1346709
2020-01-13,45.56,46.07,45.42,45.64,45.65,1444109
2020-01-14,45.79,46.2,44.96,45.71,45.66,1196516
2020-01-15,45.67,45.72,45.45,45.72,45.73,573104
2020-01-16,46.05,46.55,45.67,46.02,46.0,1151029
2020-01-17,45.35,46.22,45.3,45.52,45.48,1048989
2020-01-20,44.75,45.79,44.42,44.87,44.86,1261687
2020-01-21,44.77,45.69,44.53,44.68,44.63,850985
2020-01-22,45.3,45.37,44.46,45.23,45.2,1097319
2020-01-23,44.99,45.12,44.94,45.1,45.17,939254
2020-01-24,45.91,45.92,45.66,45.79,45.73,1411152
2020-01-27,44.43,45.67,44.29,44.53,44.56,1319412
2020-01-28,43.84,44.18,43.28,43.83,43.85,1031279
2020-01-29,43.75,44.86,42.88,43.79,43.86,850126
2020-01-30,44.11,44.49,43.63,44.19,44.28,949077
2020-01-31,44.28,44.87,43.86,44.18,44.17,1421704
2020-02-03,44.3,44.69,44.09,44.15,44.16,954878
2020-02-04,44.12,44.49,43.49,44.11,44.11,1512198
2020-02-05,43.48,44.24,42.68,43.34,43.3,1149324
2020-02-06,43.83,44.12,43.1,43.86,43.84,783210
2020-02-07,43.58,43.9,43.37,43.57,43.69,1321930
2020-02-10,44.07,44.27,43.81,44.06,44.08,554233
2020-02-11,43.94,44.49,43.91,44.04,43.97,1028724
2020-02-12,44.57,44.95,44.28,44.53,44.55,1649178
2020-02-13,44.75,45.1,43.77,44.69,44.74,1444542
2020-02-14,44.64,44.74,44.55,44.66,44.69,1361098
2020-02-17,44.62,45.56,44.36,44.77,44.71,1255550
2020-02-18,42.18,42.55,41.97,42.15,42.16,1653741
2020-02-19,42.04,42.81,41.56,42.17,42.1,795751
2020-02-20,45.0,45.13,44.83,45.08,45.07,1615142
2020-02-21,47.46,47.56,47.29,47.45,47.32,1411517
2020-02-24,45.52,46.26,45.32,45.59,45.51,1577334
2020-02-25,46.55,46.6,45.83,46.53,46.55,1539120
2020-02-26,46.98,47.25,46.88,47.01,47.06,948560
2020-02-27,48.4,49.25,48.06,48.56,48.55,835477
2020-02-28,48.77,48.96,47.95,48.75,48.79,1035322
2020-03-02,48.37,49.32,47.77,48.31,48.4,1431036
2020-03-03,51.0,51.65,50.64,50.9,50.85,963790
2020-03-04,51.32,51.47,50.92,51.35,51.39,998199
2020-03-05,53.94,54.0,52.9,53.95,54.02,814976
2020-03-06,55.9,56.68,55.49,56.07,56.08,1069017
2020-03-09,55.57,55.69,55.33,55.36,55.38,1168797
2020-03-10,55.17,55.81,54.62,55.0,55.03,1029032
2020-03-11,59.26,59.41,57.82,59.27,59.24,1254778
2020-03-12,59.72,59.9,59.69,59.74,59.81,1420088
2020-03-13,57.6,58.01,57.03,57.94,57.87,1076011
2020-03-16,55.29,55.49,54.76,55.18,55.16,809760
2020-03-17,57.41,57.75,57.07,57.35,57.35,1722223
2020-03-18,57.82,57.97,57.56,57.73,57.78,1307418
2020-03-19,55.87,56.76,55.37,55.92,55.86,1266439
2020-03-20,57.39,57.92,56.92,57.44,57.5,922531
2020-03-23,57.69,57.91,57.68,57.83,57.82,775071
2020-03-24,54.09,54.47,53.86,54.01,54.06,1428086
2020-03-25,55.43,55.54,54.92,55.29,55.41,1180874
2020-03-26,58.39,58.7,58.19,58.26,58.31,962657
2020-03-27,64.27,64.99,64.18,64.24,64.26,1366708
2020-03-30,64.31,65.97,64.08,64.35,64.37,1131388
2020-03-31,64.83,65.09,64.33,64.97,65.01,742536
2020-04-01,69.07,69.54,67.69,69.16,69.2,1663163
2020-04-02,69.72,69.81,69.09,69.65,69.59,945763
2020-04-03,70.4,70.65,70.13,70.44,70.46,1353094
2020-04-06,68.91,69.35,68.19,68.68,68.72,1006704
2020-04-07,65.02,65.62,64.2,64.87,64.81,1501746
2020-04-08,67.18,67.38,66.4,67.26,67.25,1282076
2020-04-09,63.7,64.38,63.23,63.85,63.77,1726768
2020-04-10,66.71,66.91,66.53,66.79,66.61,1112836
2020-04-13,64.84,65.7,64.26,64.7,64.69,1707253
2020-04-14,65.34,65.52,64.99,65.41,65.39,1426780
2020-04-15,64.52,64.68,64.05,64.45,64.55,920531
2020-04-16,67.42,67.75,66.89,67.5,67.4,1138403
2020-04-17,68.38,69.22,68.31,68.33,68.37,1164505
2020-04-20,73.79,73.86,73.27,73.71,73.72,1662768
2020-04-21,70.67,71.34,70.51,70.54,70.61,1015606
2020-04-22,71.93,73.08,71.18,71.72,71.69,795033
2020-04-23,72.07,72.89,71.51,71.88,71.92,579387
2020-04-24,72.63,73.25,71.68,72.71,72.64,1451320
2020-04-27,77.35,78.73,77.26,77.37,77.41,1379768
2020-04-28,79.02,79.36,78.71,79.21,79.22,700906
2020-04-29,75.56,75.73,75.26,75.59,75.56,1203682
2020-04-30,77.23,77.45,75.29,77.23,77.32,1334380
2020-05-01,75.91,76.3,75.81,75.97,75.98,1198625
2020-05-04,74.48,75.0,74.3,74.55,74.61,1585171
2020-05-05,77.85,78.27,77.69,77.69,77.82,1303499
2020-05-06,75.98,76.96,74.33,75.85,75.95,1068205
2020-05-07,74.78,75.3,73.89,74.72,74.8,1162282
2020-05-08,74.64,75.12,73.13,74.84,74.82,1390877
2020-05-11,77.72,78.13,77.32,77.69,77.72,1393645
2020-05-12,79.46,79.74,79.25,79.52,79.57,1109870
2020-05-13,79.01,79.37,78.68,78.8,78.87,791524
2020-05-14,77.68,78.84,76.87,77.97,78.01,1026314
2020-05-15,74.29,74.91,73.96,74.37,74.33,950082
2020-05-18,72.05,73.07,71.41,72.13,72.12,1285470
2020-05-19,70.2,70.51,69.39,70.27,70.25,1257800
2020-05-20,70.0,70.36,69.79,69.87,69.84,786234
2020-05-21,75.09,75.57,74.02,75.44,75.5,1279843
2020-05-22,73.39,73.95,73.06,73.43,73.29,1368566
2020-05-25,72.7,73.02,72.47,72.58,72.53,1058567
2020-05-26,66.77,67.22,65.41,66.64,66.62,1626894
2020-05-27,68.19,69.41,67.53,68.26,68.35,997541
2020-05-28,63.89,64.74,63.77,63.98,63.91,1176608
2020-05-29,61.72,62.14,61.07,61.68,61.71,1141553
2020-06-01,64.28,64.78,64.09,64.27,64.27,957468
2020-06-02,58.88,59.27,58.41,58.87,58.83,1359246
2020-06-03,58.67,60.26,58.37,59.12,59.24,1262195
2020-06-04,60.89,61.16,60.31,61.03,61.07,1034830
2020-06-05,64.66,65.13,62.62,64.77,64.74,1760862
2020-06-08,62.49,62.59,62.16,62.41,62.48,1455831
2020-06-09,60.69,62.24,60.46,60.87,60.87,1370100
2020-06-10,65.14,65.3,64.47,65.28,65.2,1520834
2020-06-11,65.21,65.34,64.7,65.23,65.04,826385
2020-06-12,63.17,64.05,62.11,63.33,63.37,901653
2020-06-15,61.61,61.61,61.01,61.53,61.56,885360
2020-06-16,59.11,59.41,58.16,59.16,59.11,1282575
2020-06-17,58.35,58.59,58.11,58.14,58.05,1704036
2020-06-18,60.61,61.18,59.77,60.68,60.64,1381730
2020-06-19,62.78,63.34,61.65,62.86,62.82,1590359
2020-06-22,60.02,60.09,59.48,59.92,59.95,1242582
2020-06-23,60.38,60.64,60.31,60.45,60.47,908692
2020-06-24,59.68,60.99,59.05,59.5,59.48,1294209
2020-06-25,61.44,62.63,61.19,61.38,61.27,1066400
2020-06-26,60.98,61.46,60.88,61.02,60.94,963031
2020-06-29,61.92,61.97,61.29,61.94,62.04,1115294
2020-06-30,61.92,62.34,60.88,61.57,61.54,767674
2020-07-01,56.25,57.05,55.5,56.2,56.27,1586962
2020-07-02,56.34,56.37,55.98,56.32,56.37,978370
2020-07-03,53.46,53.51,52.97,53.47,53.38,977652
2020-07-06,55.2,55.98,55.07,55.09,55.13,1192085
2020-07-07,53.44,53.74,52.97,53.61,53.55,1339839
2020-07-08,52.31,52.39,52.09,52.32,52.28,941348
2020-07-09,52.02,52.64,51.67,52.32,52.36,1578463
2020-07-10,53.49,54.99,53.35,53.55,53.52,823434
2020-07-13,53.29,53.69,51.97,53.2,53.12,821273
2020-07-14,56.87,57.28,56.5,56.71,56.64,1542440
2020-07-15,60.54,61.67,60.16,60.47,60.44,1412927
2020-07-16,64.72,65.49,64.59,64.63,64.68,1172286
2020-07-17,63.83,64.57,63.27,64.05,63.95,1232116
2020-07-20,60.19,61.03,59.12,60.27,60.27,1063372
2020-07-21,63.42,63.43,63.06,63.23,63.33,1483750
2020-07-22,62.13,62.77,61.12,62.2,62.11,1404730
2020-07-23,62.29,63.25,62.29,62.31,62.28,1173717
2020-07-24,63.79,64.36,63.04,63.89,63.86,1200875
2020-07-27,59.7,60.67,59.69,59.81,59.75,1219417
2020-07-28,63.67,65.29,63.67,63.73,63.78,1158325
2020-07-29,65.89,66.66,64.62,65.98,65.97,1400353
2020-07-30,66.36,67.61,65.1,66.23,66.22,1215494
2020-07-31,66.87,66.96,66.83,66.84,66.94,910710
2020-08-03,67.37,67.9,66.66,67.23,67.25,1085316
2020-08-04,67.14,67.85,67.11,67.33,67.33,1521075
2020-08-05,67.31,68.96,66.64,67.14,67.14,917504
2020-08-06,66.67,67.26,66.09,66.67,66.61,1150249
2020-08-07,67.12,67.36,66.31,66.88,66.96,1114185
2020-08-10,67.13,67.37,66.51,67.14,67.11,1192115
2020-08-11,67.68,67.99,67.05,67.89,67.89,1503919
2020-08-12,68.22,68.29,67.5,68.04,67.9,1326851
2020-08-13,67.47,67.5,66.39,67.48,67.53,838734
2020-08-14,66.15,66.6,64.46,66.44,66.53,1148730
2020-08-17,66.4,67.77,66.28,66.38,66.46,457710
2020-08-18,66.41,66.66,66.37,66.38,66.31,910753
2020-08-19,66.48,67.09,65.31,66.33,66.37,525343
2020-08-20,64.87,65.84,64.83,65.34,65.34,749523
2020-08-21,66.21,66.51,65.09,66.06,66.02,1145736
2020-08-24,66.72,66.9,66.28,66.79,66.82,1616929
2020-08-25,66.51,67.11,65.93,66.26,66.3,1166967
2020-08-26,66.58,67.91,65.84,66.81,66.84,1492032
2020-08-27,67.54,68.65,66.04,67.47,67.5,507535
2020-08-28,67.57,68.09,66.57,67.51,67.51,709492
2020-08-31,66.84,67.03,66.28,66.89,67.0,854855
2020-09-01,67.89,68.05,67.38,67.99,67.94,915958
2020-09-02,68.22,68.49,68.06,68.27,68.3,1270759
2020-09-03,68.07,68.74,67.85,68.12,68.03,749277
2020-09-04,68.5,69.06,68.49,68.67,68.66,813500
2020-09-07,69.94,70.97,69.26,69.8,69.82,923836
2020-09-08,69.33,70.74,69.26,69.48,69.49,466528
2020-09-09,70.12,70.96,68.91,69.98,70.03,931556
2020-09-10,71.1,72.35,70.42,71.36,71.3,1218340
2020-09-11,70.56,70.88,69.77,70.58,70.53,999623
2020-09-14,70.19,70.97,69.45,70.22,70.13,1035535
2020-09-15,69.82,71.38,68.89,69.82,69.76,1079320
2020-09-16,69.86,70.2,69.67,69.73,69.68,878581
2020-09-17,69.58,70.09,68.26,69.6,69.54,902731
2020-09-18,69.77,70.76,68.85,69.83,69.74,959499
2020-09-21,69.25,69.42,68.67,69.28,69.3,1074092
2020-09-22,69.01,69.78,67.94,68.87,68.85,902969
2020-09-23,68.93,70.52,68.24,69.1,69.11,715197
2020-09-24,69.09,69.76,68.16,69.23,69.2,1092491
2020-09-25,69.58,70.3,68.61,69.85,70.0,648487
2020-09-28,70.44,70.7,69.8,70.16,70.02,847251
2020-09-29,70.56,70.83,70.06,70.72,70.68,928348
2020-09-30,69.67,70.51,69.18,69.94,69.83,825883
2020-10-01,69.58,70.93,69.47,69.69,69.74,812501
2020-10-02,70.91,71.44,70.89,71.0,70.95,1251901
2020-10-05,71.51,72.22,70.98,71.3,71.32,1458362
2020-10-06,71.78,71.89,71.59,71.85,71.76,651850
2020-10-07,72.11,72.18,70.97,72.07,72.07,910064
2020-10-08,72.14,73.43,71.87,72.4,72.39,1047221
2020-10-09,72.28,72.58,71.66,72.25,72.21,1036144
2020-10-12,74.61,75.05,74.17,74.85,75.08,800604
2020-10-13,74.53,75.0,74.37,74.58,74.6,1045796
2020-10-14,74.46,75.32,74.32,74.57,74.43,1000680
2020-10-15,72.8,73.53,71.0,72.79,72.95,1269903
2020-10-16,73.71,74.33,73.47,73.61,73.6,775337
2020-10-19,73.03,73.95,72.66,73.23,73.15,1017634
2020-10-20,73.04,73.75,72.54,73.21,73.15,782526
2020-10-21,72.87,73.59,72.58,72.84,72.91,1100200
2020-10-22,72.86,73.58,72.26,72.76,72.84,1425561
2020-10-23,72.78,73.09,72.17,72.58,72.61,1216959
2020-10-26,72.5,72.86,72.22,72.57,72.52,882700
2020-10-27,72.34,73.68,71.91,72.55,72.6,1065682
2020-10-28,72.49,72.79,71.48,72.46,72.48,1053372
2020-10-29,72.25,73.43,71.86,72.36,72.38,678581
2020-10-30,73.2,74.01,73.16,73.33,73.34,1615872
2020-11-02,74.21,74.37,73.69,74.0,73.98,1200397
2020-11-03,74.77,75.03,73.58,74.68,74.69,1301237
2020-11-04,74.05,74.24,73.16,74.15,74.11,843826
2020-11-05,75.1,75.12,74.97,75.11,75.16,768305
2020-11-06,75.97,76.75,75.63,75.98,76.0,940109
2020-11-09,75.61,75.66,75.28,75.58,75.73,1056015
2020-11-10,76.69,76.79,75.72,76.76,76.67,1049507
2020-11-11,75.97,76.49,75.37,76.26,76.35,780378
2020-11-12,74.73,75.36,74.61,74.87,74.81,1295683
2020-11-13,75.64,76.16,75.56,75.72,75.68,919897
2020-11-16,75.66,75.94,74.26,75.65,75.65,1359224
2020-11-17,76.25,76.84,75.24,76.42,76.53,1012023
2020-11-18,75.89,76.8,75.71,75.86,75.8,953888
2020-11-19,74.87,75.6,74.78,74.93,75.01,1030210
2020-11-20,75.76,76.42,75.31,75.87,75.95,1049569
2020-11-23,74.64,75.54,74.61,74.83,74.92,1155131
2020-11-24,73.75,74.61,73.14,73.68,73.64,802809
2020-11-25,72.35,72.85,72.27,72.29,72.35,1578776
2020-11-26,70.4,71.15,69.89,70.29,70.29,1358156
2020-11-27,69.65,70.71,68.89,69.58,69.61,1393924
2020-11-30,68.17,68.53,66.91,68.09,68.06,825013
2020-12-01,68.14,68.49,67.62,68.09,67.95,1102047
2020-12-02,66.35,67.24,66.18,66.58,66.6,1368523
2020-12-03,65.84,66.72,65.22,65.87,65.93,1434485
2020-12-04,67.24,67.75,67.22,67.43,67.49,705460
2020-12-07,67.87,68.66,67.57,67.68,67.71,799538
2020-12-08,67.74,68.21,66.53,67.74,67.72,917955
2020-12-09,66.83,67.37,66.1,66.66,66.61,1185131
2020-12-10,66.38,67.19,66.3,66.52,66.57,729894
2020-12-11,66.56,67.1,65.86,66.57,66.63,1311120
2020-12-14,65.56,66.57,64.59,65.52,65.52,842776
2020-12-15,65.58,66.63,64.02,65.62,65.64,520448
2020-12-16,66.45,66.74,66.17,66.43,66.44,1111715
2020-12-17,66.41,66.93,64.87,66.21,66.18,906690
2020-12-18,65.97,66.15,65.07,66.1,66.16,1025282
2020-12-21,64.43,65.86,64.32,64.77,64.87,1085049
2020-12-22,64.09,64.9,63.48,63.89,63.78,1430938
2020-12-23,64.48,65.49,64.38,64.58,64.62,1231914
2020-12-24,64.32,65.57,64.14,64.17,64.2,1012590
2020-12-25,63.68,63.8,63.55,63.6,63.59,717224
2020-12-28,63.15,64.18,63.11,63.17,63.11,926189
2020-12-29,63.21,64.02,63.11,63.16,63.27,884989
2020-12-30,62.3,63.53,61.23,62.44,62.43,686131
2020-12-31,62.55,62.58,62.38,62.54,62.65,1204742
2021-01-01,61.78,63.32,60.97,61.71,61.76,732803
2021-01-04,62.11,62.41,61.92,62.21,62.21,699969
2021-01-05,61.52,61.82,60.87,61.57,61.56,874630
2021-01-06,62.44,62.7,61.99,62.4,62.41,793451
2021-01-07,62.58,63.54,61.64,62.41,62.44,901203
2021-01-08,61.9,62.46,60.27,61.9,61.91,690641
2021-01-11,62.43,63.69,62.42,62.49,62.46,963960
2021-01-12,61.63,62.74,61.29,61.65,61.71,1009581
2021-01-13,61.47,62.31,60.1,61.33,61.43,1124495
2021-01-14,61.27,61.65,61.06,61.34,61.34,1067552
2021-01-15,61.25,62.02,59.69,61.29,61.3,949450
2021-01-18,60.0,60.48,59.79,60.08,60.12,1203425
2021-01-19,59.52,59.97,59.36,59.54,59.52,985556
2021-01-20,59.68,60.29,59.52,59.66,59.53,1353276
2021-01-21,59.01,60.32,58.57,58.89,58.9,893050
2021-01-22,59.4,60.56,57.96,59.65,59.72,936081
2021-01-25,60.03,61.16,58.6,59.97,59.89,1031694
2021-01-26,59.57,60.74,58.66,59.68,59.55,838288
2021-01-27,59.63,59.65,59.07,59.56,59.6,1332711
2021-01-28,60.84,60.97,59.99,60.69,60.63,1269827
2021-01-29,61.4,61.91,60.84,61.28,61.19,1231224
2021-02-01,61.55,61.7,61.33,61.53,61.45,1156673
2021-02-02,60.78,61.32,60.26,60.67,60.69,1262990
2021-02-03,61.56,62.61,60.64,61.68,61.76,923107
2021-02-04,62.34,62.76,62.32,62.35,62.26,1190098
2021-02-05,62.46,63.07,61.43,62.27,62.29,737862
2021-02-08,61.85,62.07,61.56,61.95,61.97,795596
2021-02-09,61.88,62.31,61.3,61.85,61.87,1103751
2021-02-10,61.08,61.2,60.98,61.13,61.17,1058345
2021-02-11,60.84,61.36,60.66,60.86,60.86,1089788
2021-02-12,61.39,61.77,61.14,61.34,61.25,904331
2021-02-15,60.22,60.37,60.12,60.25,60.27,920886
2021-02-16,60.08,60.93,60.07,60.08,60.14,927555
2021-02-17,60.11,61.04,59.9,60.17,60.15,1023693
2021-02-18,60.03,60.37,59.5,60.25,60.2,923171
2021-02-19,59.58,59.71,59.05,59.55,59.6,1276140
2021-02-22,58.92,59.39,58.15,58.87,58.84,989266
2021-02-23,59.69,60.15,58.72,59.53,59.51,667073
2021-02-24,58.8,59.1,57.54,58.82,58.87,1179073
2021-02-25,59.26,59.78,58.63,59.43,59.46,1353136
2021-02-26,59.07,59.41,58.24,59.16,59.3,1141902
2021-03-01,59.88,60.86,59.65,59.82,59.79,1279496
2021-03-02,59.57,59.92,59.14,59.58,59.65,813016
2021-03-03,58.94,59.04,58.59,58.9,58.85,1151318
2021-03-04,59.38,60.09,59.22,59.43,59.55,1198245
2021-03-05,59.66,60.03,58.99,59.43,59.52,988237
2021-03-08,60.52,60.85,59.4,60.31,60.36,777119
2021-03-09,60.76,61.75,59.94,60.87,60.79,1083048
2021-03-10,60.86,61.59,60.21,60.75,60.78,1354618
2021-03-11,60.53,60.56,60.15,60.49,60.45,901435
2021-03-12,60.53,60.7,60.25,60.52,60.57,1537499
2021-03-15,60.55,61.04,60.34,60.66,60.67,968038
2021-03-16,60.34,60.99,59.52,60.14,60.13,1143087
2021-03-17,60.81,61.39,60.28,60.67,60.78,798838
2021-03-18,60.27,60.91,59.27,60.44,60.39,480131
2021-03-19,60.37,60.45,60.07,60.21,60.17,1251047
2021-03-22,59.89,60.34,59.88,59.9,59.94,1182396
2021-03-23,59.98,61.2,59.9,60.05,60.02,296742
2021-03-24,59.54,59.84,57.81,59.66,59.62,982696
2021-03-25,59.87,59.95,59.28,59.75,59.81,907167
2021-03-26,61.48,61.78,61.3,61.43,61.48,1389497
2021-03-29,61.3,61.59,60.69,61.41,61.53,1176730
2021-03-30,61.06,62.68,60.98,61.16,61.2,783024
2021-03-31,60.12,60.29,59.84,60.16,60.23,1341583
2021-04-01,60.15,60.52,59.48,60.21,60.21,995293
2021-04-02,59.62,59.8,58.08,59.56,59.55,1090597
2021-04-05,59.4,60.05,58.63,59.35,59.37,1134964
2021-04-06,59.39,60.29,58.71,59.46,59.43,1226153
2021-04-07,58.26,59.34,58.12,58.45,58.52,662274
2021-04-08,58.4,58.78,58.26,58.56,58.51,784354
2021-04-09,58.86,60.0,58.43,58.76,58.8,677625
2021-04-12,57.9,58.44,57.45,58.01,58.13,1213562
2021-04-13,57.13,57.19,56.22,57.12,57.12,1655264
2021-04-14,52.77,53.25,52.65,52.95,53.02,1160261
2021-04-15,56.35,57.04,56.14,56.31,56.33,1171929
2021-04-16,57.29,58.23,56.86,57.07,57.07,1261869
2021-04-19,56.52,56.7,56.08,56.67,56.72,1331867
2021-04-20,56.38,57.39,56.15,56.32,56.36,1168422
2021-04-21,58.92,59.71,58.23,58.89,58.92,1352040
2021-04-22,58.79,59.48,57.95,58.68,58.69,657672
2021-04-23,59.46,60.14,59.24,59.48,59.44,998596
2021-04-26,63.14,63.84,62.53,63.11,63.21,1347007
2021-04-27,62.28,62.41,61.18,62.25,62.27,1516419
2021-04-28,59.62,60.03,58.26,59.55,59.6,1231382
2021-04-29,57.51,57.98,57.49,57.6,57.73,1168502
2021-04-30,60.94,62.53,60.61,60.91,60.98,1290496
2021-05-03,61.25,61.6,60.81,61.16,61.09,756031
2021-05-04,60.08,60.3,59.38,59.94,59.88,1625626
2021-05-05,62.36,63.15,61.97,62.3,62.42,1027158
2021-05-06,64.66,65.45,64.5,64.8,64.7,1008010
2021-05-07,63.39,64.37,63.35,63.59,63.54,1195000
2021-05-10,61.19,61.43,60.51,61.14,61.18,1007336
2021-05-11,57.2,57.63,57.12,57.31,57.33,1478509
2021-05-12,53.31,53.38,52.26,53.22,53.14,1784057
2021-05-13,52.64,53.17,52.43,52.67,52.68,762064
2021-05-14,50.91,51.28,49.82,50.8,50.91,1122745
2021-05-17,54.83,55.8,54.01,54.6,54.55,1322794
2021-05-18,54.73,54.8,54.53,54.74,54.66,1086825
2021-05-19,50.49,50.59,50.4,50.5,50.47,1660425
2021-05-20,53.49,53.6,53.06,53.39,53.39,1088400
2021-05-21,53.86,54.45,53.07,53.75,53.73,1050941
2021-05-24,55.47,56.15,54.71,55.28,55.34,1031356
2021-05-25,56.83,56.91,56.75,56.8,56.87,1246073
2021-05-26,57.42,58.01,56.82,57.49,57.57,828238
2021-05-27,58.72,59.0,57.61,58.72,58.77,1094966
2021-05-28,59.22,59.77,58.76,59.29,59.28,1239275
2021-05-31,56.71,57.23,56.08,56.69,56.66,1251002
2021-06-01,57.44,57.96,57.28,57.54,57.54,1267261
2021-06-02,60.02,60.28,58.99,59.91,59.97,1201959
2021-06-03,59.51,59.72,58.45,59.42,59.37,1258341
2021-06-04,60.77,61.0,60.34,60.75,60.77,859750
2021-06-07,61.79,62.06,61.72,61.79,61.85,867061
2021-06-08,66.27,66.72,66.17,66.3,66.37,1855291
2021-06-09,65.82,65.99,65.48,65.65,65.69,1075807
2021-06-10,65.05,65.72,64.53,64.9,64.83,1475977
2021-06-11,64.63,64.67,64.55,64.61,64.6,1372106
2021-06-14,64.26,64.76,64.14,64.37,64.36,1094006
2021-06-15,58.4,58.9,58.36,58.54,58.43,1274922
2021-06-16,57.08,58.13,56.99,57.05,57.0,1317748
2021-06-17,57.68,57.98,56.91,57.75,57.83,910083
2021-06-18,57.8,58.56,57.27,57.75,57.72,849644
2021-06-21,55.88,56.17,54.85,55.92,55.84,957863
2021-06-22,54.53,54.71,53.68,54.45,54.48,1091139
2021-06-23,53.71,54.09,53.52,53.69,53.76,1039661
2021-06-24,52.09,52.58,51.79,51.99,51.9,1025119
2021-06-25,50.71,50.95,50.06,50.94,50.93,752313
2021-06-28,49.83,49.87,48.54,49.85,49.81,1096702
2021-06-29,51.88,52.37,51.62,51.65,51.61,877759
2021-06-30,53.5,54.33,52.88,53.77,53.72,1375379
2021-07-01,55.89,56.15,55.53,55.79,55.81,1039622
2021-07-02,56.81,57.13,56.08,56.76,56.76,647644
2021-07-05,55.31,55.71,54.96,55.17,55.25,854178
2021-07-06,57.28,57.35,56.66,57.3,57.24,1235755
2021-07-07,56.74,57.07,56.36,56.6,56.69,1168072
2021-07-08,56.81,56.94,56.32,56.67,56.67,1079018
2021-07-09,59.74,60.74,59.43,59.72,59.73,1020591
2021-07-12,59.8,60.68,59.7,59.94,59.89,1251367
2021-07-13,60.66,61.54,59.59,60.55,60.58,1326912
2021-07-14,57.04,57.62,56.33,57.15,57.23,1551352
2021-07-15,58.26,58.54,57.8,58.28,58.23,1319014
2021-07-16,56.12,56.37,55.68,56.01,56.07,1266086
2021-07-19,58.42,59.11,58.13,58.29,58.25,1402785
2021-07-20,57.84,58.2,57.3,57.88,57.85,1396899
2021-07-21,52.79,53.11,51.77,52.72,52.74,1574528
2021-07-22,51.82,52.02,51.23,51.98,51.98,1027602
2021-07-23,51.47,51.87,51.44,51.52,51.52,876755
2021-07-26,52.69,52.86,52.4,52.54,52.54,790514
2021-07-27,54.11,54.8,53.24,53.96,54.07,1599900
2021-07-28,53.34,53.5,52.64,53.27,53.28,1159165
2021-07-29,55.43,56.34,54.71,55.45,55.39,1674450
2021-07-30,48.52,48.65,47.88,48.44,48.38,1965929
2021-08-02,47.07,47.14,46.95,47.07,47.06,1344892
2021-08-03,45.01,45.41,44.62,44.99,45.08,1694061
2021-08-04,42.75,43.09,42.71,42.75,42.86,1312685
2021-08-05,44.33,44.54,44.22,44.4,44.44,1125514
2021-08-06,45.95,45.96,45.61,45.89,45.83,925401
2021-08-09,44.38,44.57,44.37,44.48,44.44,981526
2021-08-10,46.66,46.67,46.33,46.59,46.53,987604
2021-08-11,46.7,47.3,45.91,46.79,46.75,969428
2021-08-12,45.95,46.36,45.81,46.01,45.9,718354
2021-08-13,44.5,45.63,44.5,44.75,44.78,756767
2021-08-16,43.36,44.15,43.18,43.37,43.35,699105
2021-08-17,44.22,44.31,44.04,44.21,44.29,948857
2021-08-18,45.44,45.51,45.37,45.37,45.39,1097029
2021-08-19,45.94,46.02,45.3,45.81,45.85,568559
2021-08-20,41.95,42.29,41.57,42.07,42.0,1346006
2021-08-23,42.67,42.83,42.0,42.58,42.56,1448972
2021-08-24,43.52,43.77,42.66,43.56,43.51,1469167
2021-08-25,42.4,42.87,42.21,42.41,42.34,1195913
2021-08-26,42.48,42.59,42.3,42.49,42.52,888995
2021-08-27,39.3,39.72,39.28,39.34,39.34,1191133
2021-08-30,37.35,37.79,36.54,37.41,37.36,1255535
2021-08-31,36.96,37.39,36.66,36.94,36.99,1053268
2021-09-01,36.55,36.99,36.37,36.49,36.51,1294675
2021-09-02,36.92,37.09,36.75,37.02,36.99,1213183
2021-09-03,35.27,35.3,35.17,35.27,35.29,1310429
2021-09-06,34.76,34.82,33.93,34.8,34.81,1066595
2021-09-07,34.2,34.89,33.8,34.13,34.11,894401
2021-09-08,34.89,35.08,34.74,34.86,34.83,530129
2021-09-09,36.96,37.52,36.76,36.85,36.88,1505463
2021-09-10,39.28,39.77,39.0,39.4,39.41,1248307
2021-09-13,37.02,37.46,36.55,36.94,36.88,1601613
2021-09-14,36.89,37.32,36.49,36.88,36.91,929812
2021-09-15,35.2,35.37,35.03,35.25,35.2,1219397
2021-09-16,35.2,35.45,34.88,35.17,35.15,822438
2021-09-17,35.89,36.11,35.29,35.77,35.8,1419483
2021-09-20,36.02,36.63,35.5,35.9,35.9,1049199
2021-09-21,35.9,36.22,34.98,35.84,35.87,715637
2021-09-22,37.9,38.14,37.79,37.98,38.05,1228167
2021-09-23,39.11,39.33,38.95,39.09,39.06,793930
2021-09-24,38.7,38.99,38.52,38.67,38.69,1057412
2021-09-27,38.82,39.37,38.45,38.72,38.75,660074
2021-09-28,40.07,40.11,39.74,40.08,40.13,830277
2021-09-29,41.07,41.7,40.32,41.07,41.08,1654961
2021-09-30,40.33,40.53,40.19,40.38,40.35,1627634
2021-10-01,37.58,37.83,37.44,37.53,37.47,1415042
2021-10-04,35.75,36.09,35.38,35.76,35.79,1578779
2021-10-05,35.99,36.11,35.83,35.98,36.02,902792
2021-10-06,33.39,33.5,32.75,33.42,33.45,1275160
2021-10-07,33.23,33.29,33.2,33.23,33.25,1174270
2021-10-08,32.56,33.03,32.56,32.63,32.6,1288738
2021-10-11,33.96,34.23,33.38,33.95,33.98,1214906
2021-10-12,32.13,32.31,32.1,32.17,32.11,1636822
2021-10-13,29.73,29.78,29.51,29.69,29.72,1826267
2021-10-14,29.31,29.58,28.78,29.2,29.17,1343218
2021-10-15,30.0,30.01,29.71,29.95,29.92,1148765
2021-10-18,31.17,31.51,30.64,31.24,31.2,1686028
2021-10-19,30.1,30.76,30.09,30.12,30.06,1547667
2021-10-20,30.59,31.03,30.01,30.69,30.72,1001972
2021-10-21,29.34,29.79,29.27,29.34,29.3,1325136
2021-10-22,28.37,28.57,28.26,28.47,28.48,1234645
2021-10-25,29.05,29.33,28.71,29.12,29.17,538384
2021-10-26,30.03,30.42,29.88,29.97,29.93,1062191
2021-10-27,28.83,29.11,28.7,28.78,28.8,1287397
2021-10-28,29.24,29.92,29.07,29.33,29.3,1272616
2021-10-29,27.13,27.21,27.07,27.15,27.14,1722997
